artifact_id,source_id,parent_source_title,local_path,text_path,url,sha256,document_scope,first_text_excerpt,content_review,identity_status,screening_note
D-S01-b308dd4d4131,S01,DAMA-DMBOK,research/corpus/standards/S01-92c4ee1259.html,research/corpus/text/S01-92c4ee1259.txt,https://dama.org/dama-dmbok-revision/,b308dd4d4131c0369c82e328dc1e08f946e16fdbc0d2a3324640fd3f06070838,source_document_or_landing_page,DAMA DMBOK Revision - DAMA International® We use cookies to improve your experience on our site. Necessary cookies keep the site functional. Analytics cookies help us understand how visitors interact with the site. You can choose which cookies to allow. See our privacy policy and cookie policy for details. Accept All R,officiële overzichts-/cataloguspagina; beperkte inhoudelijke dekking,identity_to_verify,Scope/introductie; zie bron en standaardenmatrix
D-S05-a06b7294e6ee,S05,ISO 8000-130,research/corpus/standards/S05-c40aa13e1c.html,research/corpus/text/S05-c40aa13e1c.txt,https://www.iso.org/standard/62394.html,a06b7294e6ee5dd49071378b7805875475a29c6e196fe6266fa6031408bded59,source_document_or_landing_page,"ISO 8000-130:2016 - Data quality — Part 130: Master data: Exchange of characteristic data: Accuracy Skip to main content Applications OBP English español français русский Menu Standards Sectors Health IT & related technologies Management & services Security, safety & risk Transport Energy Diversity & inclusion Environm",not_content_reviewed,identity_to_verify,
D-S13-11e4a17a23de,S13,MIM,research/corpus/standards/S13-44a53e9f27.html,research/corpus/text/S13-44a53e9f27.txt,https://docs.geostandaarden.nl/mim/def-st-mim-20240613/,11e4a17a23decbdebe03c7ed7ece1faf669d3e0ba1761b1ed699547224bf8a1e,source_document_or_landing_page,MIM - Metamodel Informatie Modellering MIM - Metamodel Informatie Modellering Versie 1.2 Geonovum Standaard Vastgestelde versie 13 juni 2024 Deze versie: https://docs.geostandaarden.nl/mim/def-st-mim-20240613 Laatst gepubliceerde versie: https://docs.geostandaarden.nl/mim/mim/ Laatste werkversie:https://geonovum.github,geselecteerde passage; geen integrale bronvalidatie,identity_to_verify,§1.6 en beschouwingsniveaus
D-S13-2260dd267880,S13,MIM,research/corpus/standards/S13-9fb5474ffa.html,research/corpus/text/S13-9fb5474ffa.txt,https://www.forumstandaardisatie.nl/open-standaarden/mim,2260dd267880bdbcce3c9ab1d38f5382891229d4a807ae232dda59ad28afe795,source_document_or_landing_page,MIM | Forum Standaardisatie Skip links Overslaan en naar de inhoud gaan Overslaan en naar de hoofdnavigatie gaan Home Menu Hoofdnavigatie Introductie Wat zijn standaarden? Wat zijn de verplichtingskaders? Wat moet ik doen? Publicaties Lijst open standaarden 'Pas toe of leg uit'-standaarden Aanbevolen standaarden Beslis,not_content_reviewed,identity_to_verify,
D-S14-8c52ed1c898f,S14,NL-SBB,research/corpus/standards/S14-3bf703b1c8.html,research/corpus/text/S14-3bf703b1c8.txt,https://docs.geostandaarden.nl/nl-sbb/def-st-nl-sbb-20241010/,8c52ed1c898f8767ce014900a8545ad531c7c5ac048b3f3db9b871acaf6d825d,source_document_or_landing_page,NL-SBB - Standaard voor het beschrijven van begrippen NL-SBB - Standaard voor het beschrijven van begrippen Geonovum Standaard Vastgestelde versie 10 oktober 2024 Deze versie: https://docs.geostandaarden.nl/nl-sbb/def-st-nl-sbb-20241010 Laatst gepubliceerde versie: https://docs.geostandaarden.nl/nl-sbb/nl-sbb/ Laatste ,geselecteerde passage; geen integrale bronvalidatie,identity_to_verify,§5.4 relatie informatiemodellen; §5.5 beheer
D-S14-4213ced469ca,S14,NL-SBB,research/corpus/standards/S14-ef2b0b6434.html,research/corpus/text/S14-ef2b0b6434.txt,https://www.forumstandaardisatie.nl/open-standaarden/nl-sbb,4213ced469ca6fc79e26a886c64db912241a6d4dc81d0877ae8e78ea91c3a5b8,source_document_or_landing_page,NL-SBB | Forum Standaardisatie Skip links Overslaan en naar de inhoud gaan Overslaan en naar de hoofdnavigatie gaan Home Menu Hoofdnavigatie Introductie Wat zijn standaarden? Wat zijn de verplichtingskaders? Wat moet ik doen? Publicaties Lijst open standaarden 'Pas toe of leg uit'-standaarden Aanbevolen standaarden Bes,not_content_reviewed,identity_to_verify,
D-S15-8bc1ac4d6604,S15,TOOI,research/corpus/standards/S15-7a2d372a2b.html,research/corpus/text/S15-7a2d372a2b.txt,https://standaarden.overheid.nl/tooi/downloads,8bc1ac4d66048f72fb126beb3122989aa0ac7c335a491b2ca2dc949f5d1a3394,source_document_or_landing_page,"standaarden.overheid.nl | Downloads Direct naar content Menu U bent hier:standaarden.overheid.nl Primaire navigatie Andere sites binnen Overheid.nl Home TOOI UPL DiWoo OWMS STOP Juriconnect DCAT Over standaarden Andere sites binnen Overheid.nl Berichten over uw Buurt Zoals vergunningen, bouwplannen en lokale regelgevin",geselecteerde passage; geen integrale bronvalidatie,identity_to_verify,Scope/introductie; zie bron en standaardenmatrix
D-S15-01027505b1db,S15,TOOI,research/corpus/standards/S15-bb3ae205a4.html,research/corpus/text/S15-bb3ae205a4.txt,https://www.forumstandaardisatie.nl/open-standaarden/tooi,01027505b1db0bac8067b05be15efa3d72b4dae2a763fc7fb081793f892157d8,source_document_or_landing_page,TOOI | Forum Standaardisatie Skip links Overslaan en naar de inhoud gaan Overslaan en naar de hoofdnavigatie gaan Home Menu Hoofdnavigatie Introductie Wat zijn standaarden? Wat zijn de verplichtingskaders? Wat moet ik doen? Publicaties Lijst open standaarden 'Pas toe of leg uit'-standaarden Aanbevolen standaarden Besli,not_content_reviewed,identity_to_verify,
D-S16-b7a216fe034f,S16,DCAT-AP-NL,research/corpus/standards/S16-32b4d4f545.html,research/corpus/text/S16-32b4d4f545.txt,https://docs.geostandaarden.nl/dcat/def-st-dcat-ap-nl30-20250526/,b7a216fe034fdd779cf3bd1987f43bcdb6799efbd0f9bc37f09df8ad921461de,source_document_or_landing_page,DCAT-AP-NL 3.0 DCAT-AP-NL 3.0 Geonovum Standaard Vastgestelde versie 26 mei 2025 Deze versie: https://docs.geostandaarden.nl/dcat/def-st-dcat-ap-nl30-20250526 Laatst gepubliceerde versie: https://docs.geostandaarden.nl/dcat/dcat-ap-nl30/ Laatste werkversie:https://geonovum.github.io/DCAT-AP-NL30/ Vorige versie:https://,geselecteerde passage; geen integrale bronvalidatie,identity_to_verify,Scope/introductie; zie bron en standaardenmatrix
D-S16-380383c13dfa,S16,DCAT-AP-NL,research/corpus/standards/S16-f7d41bc345.html,research/corpus/text/S16-f7d41bc345.txt,https://www.forumstandaardisatie.nl/open-standaarden/dcat-ap-nl,380383c13dfad9e3098d61834c5a00813037bc35b78af3cd04ff7148defab302,source_document_or_landing_page,DCAT-AP-NL | Forum Standaardisatie Skip links Overslaan en naar de inhoud gaan Overslaan en naar de hoofdnavigatie gaan Home Menu Hoofdnavigatie Introductie Wat zijn standaarden? Wat zijn de verplichtingskaders? Wat moet ik doen? Publicaties Lijst open standaarden 'Pas toe of leg uit'-standaarden Aanbevolen standaarden,not_content_reviewed,identity_to_verify,
D-S17-5c2a507af3ba,S17,NEN 3610,research/corpus/standards/S17-b4076485a1.html,research/corpus/text/S17-b4076485a1.txt,https://www.nen.nl/nen-3610-2022-nl-296137,5c2a507af3ba2724ee0b891d433c6d6745f87c1d79de9b3aedeeff19ea85dca7,source_document_or_landing_page,NEN 3610:2022 nl U bezoekt onze site met een verouderde browser. Dit kan ervoor zorgen dat de website niet optimaal werkt. Bezoek daarom onze site met een andere browser Ga naar de inhoud Toggle Nav Toggle Nav Log in Toggle Nav Sluiten Norm kopen Norm ontwikkelen Norm ontwikkelen Een norm ontwikkelen Normcommissielid w,officiële overzichts-/cataloguspagina; beperkte inhoudelijke dekking,identity_to_verify,Scope/introductie; zie bron en standaardenmatrix
D-S17-581a71be8a4e,S17,NEN 3610,research/corpus/standards/S17-9ed11c5494.html,research/corpus/text/S17-9ed11c5494.txt,https://www.forumstandaardisatie.nl/open-standaarden/geo-standaarden,581a71be8a4e7fd3126361c679ddb165f0f5168253a2cfbf759357266ba9b603,source_document_or_landing_page,Geo-Standaarden | Forum Standaardisatie Skip links Overslaan en naar de inhoud gaan Overslaan en naar de hoofdnavigatie gaan Home Menu Hoofdnavigatie Introductie Wat zijn standaarden? Wat zijn de verplichtingskaders? Wat moet ik doen? Publicaties Lijst open standaarden 'Pas toe of leg uit'-standaarden Aanbevolen standa,not_content_reviewed,identity_to_verify,
D-S18-c62a46896a86,S18,NLGov REST API Design Rules,research/corpus/standards/S18-3e8325d6c3.html,research/corpus/text/S18-3e8325d6c3.txt,https://gitdocumentatie.logius.nl/publicatie/api/adr/2.2.0/,c62a46896a86bc98e659366f7721643b58a27e322ec473fb4695a5c66144cd5b,source_document_or_landing_page,"NLGov REST API Design Rules 2.2.0 NLGov REST API Design Rules 2.2.0 Logius Standard Definitive version June 02, 2026 This version: https://gitdocumentatie.logius.nl/publicatie/api/adr/2.2.0/ Latest published version: https://gitdocumentatie.logius.nl/publicatie/api/adr/ Latest editor's draft:https://logius-standaarden.",geselecteerde passage; geen integrale bronvalidatie,identity_to_verify,Scope/introductie; zie bron en standaardenmatrix
D-S18-bdcd3ead4ec0,S18,NLGov REST API Design Rules,research/corpus/standards/S18-9414610c52.html,research/corpus/text/S18-9414610c52.txt,https://www.forumstandaardisatie.nl/open-standaarden/rest-api-design-rules,bdcd3ead4ec056410699205edf6e9e87578464761f3c7a41b8d03d8c6795c6db,source_document_or_landing_page,REST-API Design Rules | Forum Standaardisatie Skip links Overslaan en naar de inhoud gaan Overslaan en naar de hoofdnavigatie gaan Home Menu Hoofdnavigatie Introductie Wat zijn standaarden? Wat zijn de verplichtingskaders? Wat moet ik doen? Publicaties Lijst open standaarden 'Pas toe of leg uit'-standaarden Aanbevolen ,not_content_reviewed,identity_to_verify,
D-S19-15fbd8e4e9ab,S19,OpenAPI Specification,research/corpus/standards/S19-cd0b345bb7.html,research/corpus/text/S19-cd0b345bb7.txt,https://spec.openapis.org/oas/v3.1.1.html,15fbd8e4e9ab6490d439f3e357afa8b0d43bfdabdbda12ae122034ef07fc3eff,source_document_or_landing_page,OpenAPI Specification v3.1.1 OpenAPI Specification v3.1.1 Version 3.1.1 24 October 2024 More details about this document This version: https://spec.openapis.org/oas/v3.1.1.html Latest published version: https://spec.openapis.org/oas/latest.html Latest editor's draft:https://github.com/OAI/OpenAPI-Specification/ Editors,geselecteerde passage; geen integrale bronvalidatie,identity_to_verify,Scope/introductie; zie bron en standaardenmatrix
D-S19-27ea405b7d63,S19,OpenAPI Specification,research/corpus/standards/S19-0e28aa1142.html,research/corpus/text/S19-0e28aa1142.txt,https://www.forumstandaardisatie.nl/open-standaarden/openapi-specification,27ea405b7d63892d7018320430410b360e278192e0fd6b630b48fa21ff1bab82,source_document_or_landing_page,OpenAPI Specification | Forum Standaardisatie Skip links Overslaan en naar de inhoud gaan Overslaan en naar de hoofdnavigatie gaan Home Menu Hoofdnavigatie Introductie Wat zijn standaarden? Wat zijn de verplichtingskaders? Wat moet ik doen? Publicaties Lijst open standaarden 'Pas toe of leg uit'-standaarden Aanbevolen ,not_content_reviewed,identity_to_verify,
D-S20-47cf463f7090,S20,Digikoppeling,research/corpus/standards/S20-4ba4744b73.html,research/corpus/text/S20-4ba4744b73.txt,https://www.forumstandaardisatie.nl/open-standaarden/digikoppeling,47cf463f7090efe47f049ee73f9735364c3d32b005c352239b31731dc4db9dd3,source_document_or_landing_page,Digikoppeling | Forum Standaardisatie Skip links Overslaan en naar de inhoud gaan Overslaan en naar de hoofdnavigatie gaan Home Menu Hoofdnavigatie Introductie Wat zijn standaarden? Wat zijn de verplichtingskaders? Wat moet ik doen? Publicaties Lijst open standaarden 'Pas toe of leg uit'-standaarden Aanbevolen standaar,geselecteerde passage; geen integrale bronvalidatie,identity_to_verify,Scope/introductie; zie bron en standaardenmatrix
D-S21-68ce1f8fe311,S21,Federated Service Connectivity (FSC),research/corpus/standards/S21-dfc3a246f5.html,research/corpus/text/S21-dfc3a246f5.txt,https://gitdocumentatie.logius.nl/publicatie/fsc/core/2.0.0/,68ce1f8fe311cac47b555bf796910027464f08739d8c8653291be91c3b3c23ed,source_document_or_landing_page,"FSC - Core 2.0.0 FSC - Core 2.0.0 Logius Standard Definitive version April 21, 2026 This version: https://gitdocumentatie.logius.nl/publicatie/fsc/core/2.0.0/ Latest published version: https://gitdocumentatie.logius.nl/publicatie/fsc/core/ Latest editor's draft:https://logius-standaarden.github.io/fsc-core/ Previous ve",geselecteerde passage; geen integrale bronvalidatie,identity_to_verify,Scope/introductie; zie bron en standaardenmatrix
D-S21-d7668728fd7c,S21,Federated Service Connectivity (FSC),research/corpus/standards/S21-4ba4744b73.html,research/corpus/text/S21-4ba4744b73.txt,https://www.forumstandaardisatie.nl/open-standaarden/digikoppeling,d7668728fd7c4e96080ce0c6d8fa2310265acccb4b0dd4e3904ff562acf2e792,source_document_or_landing_page,Digikoppeling | Forum Standaardisatie Skip links Overslaan en naar de inhoud gaan Overslaan en naar de hoofdnavigatie gaan Home Menu Hoofdnavigatie Introductie Wat zijn standaarden? Wat zijn de verplichtingskaders? Wat moet ik doen? Publicaties Lijst open standaarden 'Pas toe of leg uit'-standaarden Aanbevolen standaar,not_content_reviewed,identity_to_verify,
D-S22-6e60c5455656,S22,NL GOV profile for CloudEvents,research/corpus/standards/S22-32a4f808ee.html,research/corpus/text/S22-32a4f808ee.txt,https://gitdocumentatie.logius.nl/publicatie/notificatieservices/cloudevents-nl/1.1/,6e60c5455656f0bcfc39737c27e30da53ee712cae314c6063137dbb0a09141dd,source_document_or_landing_page,"NL GOV profile for CloudEvents 1.1 NL GOV profile for CloudEvents 1.1 Notificatieservices Logius Standard Definitive version March 17, 2026 This version: https://gitdocumentatie.logius.nl/publicatie/notificatieservices/cloudevents-nl/1.1/ Latest published version: https://gitdocumentatie.logius.nl/publicatie/notificati",geselecteerde passage; geen integrale bronvalidatie,identity_to_verify,Scope/introductie; zie bron en standaardenmatrix
D-S22-0de17d92efe6,S22,NL GOV profile for CloudEvents,research/corpus/standards/S22-9b6a836a6c.html,research/corpus/text/S22-9b6a836a6c.txt,https://www.forumstandaardisatie.nl/open-standaarden/nl-gov-profile-cloudevents,0de17d92efe61294a2f8df6a60f31b908c34cf53573ba73f8140f529144ae998,source_document_or_landing_page,NL GOV profile for CloudEvents | Forum Standaardisatie Skip links Overslaan en naar de inhoud gaan Overslaan en naar de hoofdnavigatie gaan Home Menu Hoofdnavigatie Introductie Wat zijn standaarden? Wat zijn de verplichtingskaders? Wat moet ik doen? Publicaties Lijst open standaarden 'Pas toe of leg uit'-standaarden Aa,not_content_reviewed,identity_to_verify,
D-S23-bd092c45b478,S23,BOMOS,research/corpus/standards/S23-d518ecbcde.html,research/corpus/text/S23-d518ecbcde.txt,https://gitdocumentatie.logius.nl/publicatie/bomos/fundament/3.0.2/,bd092c45b478e3ca8908354d2e5c17afc7bdba0966b98b65dd536d6da2e9b6f3,source_document_or_landing_page,"BOMOS, het fundament 3.0.2 BOMOS, het fundament 3.0.2 Logius Handreiking Vastgestelde versie 02 november 2023 Deze versie: https://gitdocumentatie.logius.nl/publicatie/bomos/fundament/3.0.2/ Laatst gepubliceerde versie: https://gitdocumentatie.logius.nl/publicatie/bomos/fundament/ Laatste werkversie:https://logius-stan",geselecteerde passage; geen integrale bronvalidatie,identity_to_verify,Scope/introductie; zie bron en standaardenmatrix
D-S24-9e2e3847a6aa,S24,MDTO,research/corpus/standards/S24-3678717fb9.html,research/corpus/text/S24-3678717fb9.txt,https://www.nationaalarchief.nl/archiveren/mdto,9e2e3847a6aa5cf281936805ab5bfdad71b0aef3ee0fe6aa1a70d662425b9992,source_document_or_landing_page,MDTO | Nationaal Archief Overslaan en naar de inhoud gaan Menu Winkelwagen Winkelwagen Gebruikersmenu Inloggen Informatie over het Nationaal Archief Over het NA Contact Zoeken Zoeken in OnderzoekenZoeken in BelevenZoeken in ArchiverenZoeken in Over het NA Hoofdnavigatie Home Onderzoeken Beleven Archiveren Kruimelpad Ho,geselecteerde passage; geen integrale bronvalidatie,identity_to_verify,Scope/introductie; zie bron en standaardenmatrix
D-S24-ae0dad13fc27,S24,MDTO,research/corpus/standards/S24-569c75be53.html,research/corpus/text/S24-569c75be53.txt,https://www.forumstandaardisatie.nl/open-standaarden/mdto,ae0dad13fc27a4aa5ccf11fc2ed31016d5a762e717e08ce6a235e03d63d55cf7,source_document_or_landing_page,MDTO | Forum Standaardisatie Skip links Overslaan en naar de inhoud gaan Overslaan en naar de hoofdnavigatie gaan Home Menu Hoofdnavigatie Introductie Wat zijn standaarden? Wat zijn de verplichtingskaders? Wat moet ik doen? Publicaties Lijst open standaarden 'Pas toe of leg uit'-standaarden Aanbevolen standaarden Besli,not_content_reviewed,identity_to_verify,
D-S25-754da6e1ec1e,S25,Twaalf eisen basisregistraties,research/corpus/standards/S25-3a006d0362.html,research/corpus/text/S25-3a006d0362.txt,https://zoek.officielebekendmakingen.nl/kst-26387-18.html,754da6e1ec1ef1d6e7f4072afe7548a914e61eeef96760b047a5b0c919743fce,source_document_or_landing_page,"Kamerstuk 26387, nr. 18 | Overheid.nl > Officiële bekendmakingen Direct naar content Navigatie Contextinformatie Publicatie Acties Inhoudsopgave Gerelateerde informatie Menu U bent nu hier: Publicaties Officiële publicaties Inloggen Primaire navigatie Andere sites binnen Overheid.nl Home Uitgebreid zoeken Mijn abonneme",geselecteerde passage; geen integrale bronvalidatie,identity_to_verify,Scope/introductie; zie bron en standaardenmatrix
D-S26-73f7e4a95989,S26,Stelselafspraken / baseline kwaliteitszorg,research/corpus/standards/S26-970830fa59.pdf,research/corpus/text/S26-970830fa59.txt,https://www.digitaleoverheid.nl/wp-content/uploads/sites/8/2021/07/Baseline-kwaliteitszorg-stelsel-van-basisregistraties2.pdf,73f7e4a959898b443acb6af1e4c7d05e3e8d2c51f3c9dcfa4019fdf6e386ca1b,source_document_or_landing_page,Baseline kwaliteitszorg Stelsel van Basisregistraties 1 Inhoud Inleiding ............................................................................................................................ 3 1 Relevante eisen ......................................................................................................,geselecteerde passage; geen integrale bronvalidatie,identity_to_verify,Scope/introductie; zie bron en standaardenmatrix
D-S27-e13c99af499a,S27,Federatief Datastelsel (FDS),research/corpus/standards/S27-63d6fcc8a2.html,research/corpus/text/S27-63d6fcc8a2.txt,https://federatief.datastelsel.nl/afspraken/afwegingskader/v1/,e13c99af499a4cde1eba2f9646200ab4dca0fe985240aaf3ec8324635642ed4e,source_document_or_landing_page,Afwegingskader FDS v1 | Federatief Datastelsel Federatief Datastelsel Werkbank Deelnemers Afspraken Light Dark Auto Afspraken Afwegingskader FDS v1 Bekijk paginabron in Gitlab Bewerk met CMS of Gitlab Maak hier een issue of stel een vraag Print volledige sectie Afspraken Afwegingskader FDS v1 Afwegingskader FDS v1 Het ,officiële overzichts-/cataloguspagina; beperkte inhoudelijke dekking,identity_to_verify,Scope/introductie; zie bron en standaardenmatrix
D-S28-3838c992097f,S28,RDF,research/corpus/standards/S28-d556ef4175.html,research/corpus/text/S28-d556ef4175.txt,https://www.w3.org/TR/rdf11-concepts/,3838c992097f72ee8784b6c96194d9879f86f2e08f53ced5a05aa4031750c5ac,source_document_or_landing_page,RDF 1.1 Concepts and Abstract Syntax RDF 1.1 Concepts and Abstract Syntax W3C Recommendation 25 February 2014 This version: http://www.w3.org/TR/2014/REC-rdf11-concepts-20140225/ Latest published version: http://www.w3.org/TR/rdf11-concepts/ Previous version: http://www.w3.org/TR/2014/PR-rdf11-concepts-20140109/ Previo,geselecteerde passage; geen integrale bronvalidatie,identity_to_verify,Scope/introductie; zie bron en standaardenmatrix
D-S29-9d4e0a945d43,S29,RDFS,research/corpus/standards/S29-18b4f56c13.html,research/corpus/text/S29-18b4f56c13.txt,https://www.w3.org/TR/rdf-schema/,9d4e0a945d43bebae090aec3776ae0ef83273498c0afa1bb3148df6ab3c24413,source_document_or_landing_page,"RDF Schema 1.1 RDF Schema 1.1 W3C Recommendation 25 February 2014 Document Status Update, 1 December 2023 The Latest published version link was fixed: it is intended to point to the latest version of the document for this version of RDF (i.e. RDF 1.1). This version: http://www.w3.org/TR/2014/REC-rdf-schema-20140225/ La",geselecteerde passage; geen integrale bronvalidatie,identity_to_verify,Scope/introductie; zie bron en standaardenmatrix
D-S30-d5d22b811eb3,S30,OWL,research/corpus/standards/S30-41eda32348.html,research/corpus/text/S30-41eda32348.txt,https://www.w3.org/TR/owl2-overview/,d5d22b811eb348c845c5aa5aaa5c05448e61b63e3a8ee24b129075916d6115a5,source_document_or_landing_page,OWL 2 Web Ontology Language Document Overview (Second Edition) OWL 2 Web Ontology Language Document Overview (Second Edition) W3C Recommendation 11 December 2012 This version: http://www.w3.org/TR/2012/REC-owl2-overview-20121211/ Latest version (series 2): http://www.w3.org/TR/owl2-overview/ Latest Recommendation: http,geselecteerde passage; geen integrale bronvalidatie,identity_to_verify,Scope/introductie; zie bron en standaardenmatrix
D-S31-3aa00cd16ee4,S31,SKOS,research/corpus/standards/S31-0418c1562d.html,research/corpus/text/S31-0418c1562d.txt,https://www.w3.org/TR/skos-reference/,3aa00cd16ee4d86d3a19b75501bb317d0b0c134e1f4029e9f3098c4dd3669e4c,source_document_or_landing_page,SKOS Simple Knowledge Organization System Reference SKOS Simple Knowledge Organization System Reference W3C Recommendation 18 August 2009 This version: http://www.w3.org/TR/2009/REC-skos-reference-20090818/ Latest version: http://www.w3.org/TR/skos-reference Previous versions: http://www.w3.org/TR/2009/PR-skos-referenc,geselecteerde passage; geen integrale bronvalidatie,identity_to_verify,"Concepten, labels en §3.5.1"
D-S31-67951d120758,S31,SKOS,research/corpus/standards/S31-9c35f586e4.html,research/corpus/text/S31-9c35f586e4.txt,https://www.forumstandaardisatie.nl/open-standaarden/skos,67951d120758586bc8ade44cffa032570ad6e45fcf166490ed7652614ab92e09,source_document_or_landing_page,SKOS | Forum Standaardisatie Skip links Overslaan en naar de inhoud gaan Overslaan en naar de hoofdnavigatie gaan Home Menu Hoofdnavigatie Introductie Wat zijn standaarden? Wat zijn de verplichtingskaders? Wat moet ik doen? Publicaties Lijst open standaarden 'Pas toe of leg uit'-standaarden Aanbevolen standaarden Besli,not_content_reviewed,identity_to_verify,
D-S32-ccca77caed77,S32,SHACL,research/corpus/standards/S32-8c25f54d7f.html,research/corpus/text/S32-8c25f54d7f.txt,https://www.w3.org/TR/shacl/,ccca77caed771f42ea649c03d190b9c7ea0b82286c22c457b9edc8087c9ad0f8,source_document_or_landing_page,Shapes Constraint Language (SHACL) Shapes Constraint Language (SHACL) W3C Recommendation 20 July 2017 This version: https://www.w3.org/TR/2017/REC-shacl-20170720/ Latest published version: https://www.w3.org/TR/shacl/ Latest editor's draft: https://w3c.github.io/data-shapes/shacl/ Implementation report: https://w3c.git,geselecteerde passage; geen integrale bronvalidatie,identity_to_verify,Scope/introductie; zie bron en standaardenmatrix
D-S33-6b96671ab84f,S33,PROV-O,research/corpus/standards/S33-6e48bcc4a0.html,research/corpus/text/S33-6e48bcc4a0.txt,https://www.w3.org/TR/prov-o/,6b96671ab84faf12ce3f041aca12c3f93a6df2ed242348810743179a68e69555,source_document_or_landing_page,PROV-O: The PROV Ontology PROV-O: The PROV Ontology W3C Recommendation 30 April 2013This version:http://www.w3.org/TR/2013/REC-prov-o-20130430/Latest published version:http://www.w3.org/TR/prov-o/Implementation report:http://www.w3.org/TR/2013/NOTE-prov-implementations-20130430/Previous version:http://www.w3.org/TR/201,geselecteerde passage; geen integrale bronvalidatie,identity_to_verify,PROV-O overview en kernconstructies
D-S34-271d3e820c68,S34,DQV,research/corpus/standards/S34-73ead97736.html,research/corpus/text/S34-73ead97736.txt,https://www.w3.org/TR/vocab-dqv/,271d3e820c681127131595d2c8bf8345e925149192f6cab821f101f09d372a63,source_document_or_landing_page,Data on the Web Best Practices: Data Quality Vocabulary Data on the Web Best Practices: Data Quality Vocabulary W3C Working Group Note 15 December 2016 This version: https://www.w3.org/TR/2016/NOTE-vocab-dqv-20161215/ Latest published version: https://www.w3.org/TR/vocab-dqv/ Latest editor's draft: http://w3c.github.io,geselecteerde passage; geen integrale bronvalidatie,identity_to_verify,Quality measurement en herkomstvoorbeelden
D-S35-9e2c9972d0f6,S35,JSON-LD,research/corpus/standards/S35-caedf4b2d8.html,research/corpus/text/S35-caedf4b2d8.txt,https://www.w3.org/TR/json-ld11/,9e2c9972d0f60bc744e975731643a9a63d410afc6b682eb8898ad2720e452866,source_document_or_landing_page,JSON-LD 1.1 JSON-LD 1.1 A JSON-based Serialization for Linked Data W3C Recommendation 16 July 2020 This version: https://www.w3.org/TR/2020/REC-json-ld11-20200716/ Latest published version: https://www.w3.org/TR/json-ld11/ Latest editor's draft:https://w3c.github.io/json-ld-syntax/ Test suite:https://w3c.github.io/json,geselecteerde passage; geen integrale bronvalidatie,identity_to_verify,Scope/introductie; zie bron en standaardenmatrix
D-S36-f47e4fbfe9c7,S36,SPARQL,research/corpus/standards/S36-ff8e514eef.html,research/corpus/text/S36-ff8e514eef.txt,https://www.w3.org/TR/sparql11-overview/,f47e4fbfe9c72f3f5f6e8572649f6770e2f1e912aaa9d5a384492cdbe9865fd6,source_document_or_landing_page,"SPARQL 1.1 Overview SPARQL 1.1 Overview W3C Recommendation 21 March 2013This version: http://www.w3.org/TR/2013/REC-sparql11-overview-20130321/ Latest version: http://www.w3.org/TR/sparql11-overview/ Previous version:http://www.w3.org/TR/2012/PR-sparql11-overview-20121108/Editor:The W3C SPARQL Working Group, see Acknow",geselecteerde passage; geen integrale bronvalidatie,identity_to_verify,Scope/introductie; zie bron en standaardenmatrix
D-S37-07341fe8a46f,S37,OWL-Time,research/corpus/standards/S37-4c57d07938.html,research/corpus/text/S37-4c57d07938.txt,https://www.w3.org/TR/2017/REC-owl-time-20171019/,07341fe8a46f50c7f559516d28bf8a7b0840c354331b88ce8f6d5f8793903263,source_document_or_landing_page,Time Ontology in OWL Time Ontology in OWL W3C Recommendation 19 October 2017 This version: https://www.w3.org/TR/2017/REC-owl-time-20171019/ Latest published version: https://www.w3.org/TR/owl-time/ Latest editor's draft: https://w3c.github.io/sdw/time/ Implementation report: https://www.w3.org/2015/spatial/wiki/OWL_Ti,geselecteerde passage; geen integrale bronvalidatie,identity_to_verify,Scope/introductie; zie bron en standaardenmatrix
D-S38-374566719159,S38,URI / IRI-identificatie,research/corpus/standards/S38-7619e01ad5.html,research/corpus/text/S38-7619e01ad5.txt,https://www.rfc-editor.org/info/rfc3986/,374566719159fd8c5c902506e28c005e3af3cbc0b4d67cfd351a8133ac8cfcc4,source_document_or_landing_page,"RFC 3986: Uniform Resource Identifier (URI): Generic Syntax | RFC Editor Skip to content Primary navigation The RFC Series For Authors About Us Home RFC 3986 Info RFC 3986: STD 66: Uniform Resource Identifier (URI): Generic Syntax T. Berners-Lee, R. Fielding, L. Masinter Internet Standard This RFC was updated, see RFC ",geselecteerde passage; geen integrale bronvalidatie,identity_to_verify,Scope/introductie; zie bron en standaardenmatrix
D-S38-681226eb3a8a,S38,URI / IRI-identificatie,research/corpus/standards/S38-688ac6df25.html,research/corpus/text/S38-688ac6df25.txt,https://www.rfc-editor.org/info/rfc3987/,681226eb3a8a13b4a3006458c44985fdfd4414fb09e1ff023691f590be83fb68,source_document_or_landing_page,"RFC 3987: Internationalized Resource Identifiers (IRIs) | RFC Editor Skip to content Primary navigation The RFC Series For Authors About Us Home RFC 3987 Info RFC 3987: Internationalized Resource Identifiers (IRIs) M. Duerst, M. Suignard Proposed Standard Network Working Group M. Duerst Request for Comments: 3987 W3C C",not_content_reviewed,identity_to_verify,
D-S39-71c25a8c9ab5,S39,Cool URIs for the Semantic Web,research/corpus/standards/S39-ec90a46f05.html,research/corpus/text/S39-ec90a46f05.txt,https://www.w3.org/TR/cooluris/,71c25a8c9ab567a238eab66f7023bf5d70efba50ce8f60515f97ad2e363a2c7a,source_document_or_landing_page,Cool URIs for the Semantic Web Cool URIs for the Semantic Web W3C Interest Group Note 03 December 2008 This version: http://www.w3.org/TR/2008/NOTE-cooluris-20081203/ Latest version: http://www.w3.org/TR/cooluris/ Previous version: http://www.w3.org/TR/2008/NOTE-cooluris-20080331/ Editors: Leo Sauermann (DFKI GmbH) Ric,geselecteerde passage; geen integrale bronvalidatie,identity_to_verify,Scope/introductie; zie bron en standaardenmatrix
D-S40-d55097e43e8a,S40,UFO,research/corpus/standards/S40-67f754b0ba.html,research/corpus/text/S40-67f754b0ba.txt,https://ontouml.org/ufo/,d55097e43e8a2bd6c9824aa5563e5d449759817f85bed114e682b383f2270ccc,source_document_or_landing_page,UFO | OntoUML Community Portal Skip to content Home UFO Glossary Wiki Official version OntoUML Metamodel & definitions Tooling Success stories Repository Repocribro Publications Videos Search our library Community Editorial Board Organisations Related Projects Blog FAQ Site Search Search UFO UFO The Unified Foundationa,geselecteerde passage; geen integrale bronvalidatie,identity_to_verify,Scope/introductie; zie bron en standaardenmatrix
D-S41-d55097e43e8a,S41,OntoUML,research/corpus/standards/S41-67f754b0ba.html,research/corpus/text/S41-67f754b0ba.txt,https://ontouml.org/ufo/,d55097e43e8a2bd6c9824aa5563e5d449759817f85bed114e682b383f2270ccc,source_document_or_landing_page,UFO | OntoUML Community Portal Skip to content Home UFO Glossary Wiki Official version OntoUML Metamodel & definitions Tooling Success stories Repository Repocribro Publications Videos Search our library Community Editorial Board Organisations Related Projects Blog FAQ Site Search Search UFO UFO The Unified Foundationa,geselecteerde passage; geen integrale bronvalidatie,identity_to_verify,Scope/introductie; zie bron en standaardenmatrix
D-S44-0648067ae255,S44,SEMIC Core Vocabularies,research/corpus/standards/S44-362c73cc52.html,research/corpus/text/S44-362c73cc52.txt,https://semiceu.github.io/Core-Person-Vocabulary/releases/2.1.1/,0648067ae255032bd33cfc4189b618b4d5cb0191c06c727c232746d7ee9e888f,source_document_or_landing_page,"Core Person Vocabulary Copyright © 2024 Abstract The Core Person Vocabulary is a simplified, reusable and extensible data model that captures the fundamental characteristics of a Person. Introduction The Core Person Vocabulary provides a minimum set of classes and properties for describing a natural person, i.e. the in",geselecteerde passage; geen integrale bronvalidatie,identity_to_verify,Scope/introductie; zie bron en standaardenmatrix
D-S44-d242ab230dc3,S44,SEMIC Core Vocabularies,research/corpus/standards/S44-7725ca81d9.html,research/corpus/text/S44-7725ca81d9.txt,https://semiceu.github.io/Core-Business-Vocabulary/releases/2.2.0/,d242ab230dc356aa63fc4f74f6681f2009ed6a260af48919521dd0b1d09906cc,source_document_or_landing_page,"Core Business Vocabulary Copyright © 2024 Abstract The Core Business Vocabulary is a simplified, reusable and extensible data model that provides a minimum set of classes and properties for legal entities, that is, trading bodies that are formally registered with the relevant authority and that appear in business regis",not_content_reviewed,identity_to_verify,
D-S44-47ebebb0cc8f,S44,SEMIC Core Vocabularies,research/corpus/standards/S44-64d4cb6296.html,research/corpus/text/S44-64d4cb6296.txt,https://semiceu.github.io/Core-Location-Vocabulary/releases/2.1.0/,47ebebb0cc8fa9c752819a70e619080c7c2aac9975102f842eebf6833f897143,source_document_or_landing_page,"Core Location Vocabulary Copyright © 2024 Abstract The Core Location Vocabulary is a simplified, reusable and extensible data model that captures the fundamental characteristics of a location, represented as an address, a geographic name, or a geometry. Introduction Locations can be described in three principal ways: b",not_content_reviewed,identity_to_verify,
D-S44-ceb6ac148c8b,S44,SEMIC Core Vocabularies,research/corpus/standards/S44-bbd583479a.html,research/corpus/text/S44-bbd583479a.txt,https://semiceu.github.io/CPOV/releases/2.1.1/,ceb6ac148c8b24511a2ace03a75585c4fd818d6203bb62a0524bedccbd482a02,source_document_or_landing_page,"Core Public Organisation Vocabulary Copyright © 2024 Abstract The Core Public Organisation Vocabulary is a simplified, reusable and extensible data model that captures the fundamental characteristics of a public organisation. Introduction The Core Public Organization Vocabulary (CPOV) is designed to support the exchang",not_content_reviewed,identity_to_verify,
D-S45-f5cbe0a03f36,S45,DCAT-AP,research/corpus/standards/S45-2523d2630c.html,research/corpus/text/S45-2523d2630c.txt,https://semiceu.github.io/DCAT-AP/releases/3.0.1/,f5cbe0a03f3686b12f9e7f7fc0b5948921e7634459a7d83f6b4cb11c07d66a00,source_document_or_landing_page,"DCAT-AP 3.0.1 Copyright © 2024 Abstract DCAT-AP is a DCAT profile for sharing information about Catalogues containing Datasets and Data Services descriptions in Europe, under maintenance by the SEMIC action, Interoperable Europe. This Application Profile provides a minimal common basis within Europe to share Datasets a",geselecteerde passage; geen integrale bronvalidatie,identity_to_verify,Scope/introductie; zie bron en standaardenmatrix
D-S46-f1217359f3c6,S46,FAIR-principes,research/corpus/standards/S46-ba332568f0.html,research/corpus/text/S46-ba332568f0.txt,https://www.nature.com/articles/sdata201618,f1217359f3c63ffb1eec05e3c08d350cf46497af543d349e678117efb9bfd02f,source_document_or_landing_page,"The FAIR Guiding Principles for scientific data management and stewardship | Scientific Data Skip to main content Thank you for visiting nature.com. You are using a browser version with limited support for CSS. To obtain the best experience, we recommend you use a more up to date browser (or turn off compatibility mode",not_content_reviewed,identity_to_verify,
D-S47-068b43f78145,S47,DCAT,research/corpus/standards/S47-6731cfa24b.html,research/corpus/text/S47-6731cfa24b.txt,https://www.w3.org/TR/2024/REC-vocab-dcat-3-20240822/,068b43f7814525ea784b7d565ada8de2b4538f5377517c4f0ec9b162a34dedfb,source_document_or_landing_page,Data Catalog Vocabulary (DCAT) - Version 3 Data Catalog Vocabulary (DCAT) - Version 3 W3C Recommendation 22 August 2024 More details about this document This version: https://www.w3.org/TR/2024/REC-vocab-dcat-3-20240822/ Latest published version: https://www.w3.org/TR/vocab-dcat-3/ Latest editor's draft:https://w3c.git,geselecteerde passage; geen integrale bronvalidatie,identity_to_verify,Scope/introductie; zie bron en standaardenmatrix
D-S48-8164cefcf906,S48,NORA Raamwerk gegevenskwaliteit,research/corpus/standards/S48-6fcfc31309.html,research/corpus/text/S48-6fcfc31309.txt,https://www.noraonline.nl/wiki/Raamwerk_gegevenskwaliteit_NORA,8164cefcf906cf7b6d9c325f2923723632c2a5deade987cd695d0643a1293b12,source_document_or_landing_page,"Bezig met het verifiëren van de verbinding www.noraonline.nl Bezig met het verifiëren van de verbinding Even een korte controle uitvoeren om te bevestigen dat uw verbinding veilig is. Dit duurt meestal maar enkele seconden. Blijf op deze pagina. Voor meer informatie, ga naar: archixl.nl",not_content_reviewed,identity_to_verify,
D-S49-7a179b3cf23c,S49,Catalogus BAG 2018,research/corpus/standards/S49-94bc4edfbf.html,research/corpus/text/S49-94bc4edfbf.txt,https://www.geobasisregistraties.nl/documenten/2018/03/12/catalogus-2018,7a179b3cf23c0a308bcb48018cd198bf1e269cfd1f6211e96850f3f4e9f417c7,source_document_or_landing_page,"Catalogus Basisregistratie Adressen en Gebouwen - 2018 - definitieve versie 1.0 (1 juli 2018), inclusief een overzicht met voorgestelde wijzigingen voor de 1.1-versie | Geobasisregistraties Ga direct naar inhoud Naar de homepage van Geobasisregistraties Geobasisregistraties DocumentenVul in wat u zoekt Catalogus Basisr",geselecteerde passage; geen integrale bronvalidatie,identity_to_verify,Scope/introductie; zie bron en standaardenmatrix
D-S50-00ebe14c630b,S50,OntoClean,research/corpus/standards/S50-af5b66b3f5.pdf,research/corpus/text/S50-af5b66b3f5.txt,https://www.loa.istc.cnr.it/old/Papers/CACM2002.pdf,00ebe14c630b267ed1e8179145cbda28f4ac11514cdd9caeb7e546e3521bfdd3,source_document_or_landing_page,"EVALUATING ONTOLOGICAL DECISIONS with ONTOCLEAN The process of building or inappropriate and inconsistent model- engineering ontologies1 for use in ing choices. information systems remains an arcane The OntoClean methodology is art form, which must become a rigor- based on formal notions, which are gen- ous engineering",not_content_reviewed,identity_to_verify,
D-S51-ed6281cae6ca,S51,Data Product Ontology (DPROD),research/corpus/standards/S51-091ce61e98.pdf,research/corpus/text/S51-091ce61e98.txt,https://www.omg.org/spec/DPROD/1.0/Beta1/PDF,ed6281cae6ca5508995fb4a3b7b21ba07f45714b984726c8fae98cd4403c28fe,source_document_or_landing_page,Date: February 2025 Data Product Ontology (DPROD) Version 1.0 – beta 1 __________________________________________________ OMG Document Number: ptc/25-02-01 Standard document URL: https://www.omg.org/spec/DPROD/ __________________________________________________ This OMG document replaces the submission document (ekgptf,geselecteerde passage; geen integrale bronvalidatie,identity_to_verify,Scope/introductie; zie bron en standaardenmatrix
D-L01-1322dc552281,L01,Design Science in Information Systems Research,research/corpus/papers/L01-f1e1a62e61.html,research/corpus/text/L01-f1e1a62e61.txt,https://aisel.aisnet.org/misq/vol28/iss1/6/,1322dc552281bfe7716d169dbbd64aba40c6a1128b26dc215c4be832bbd80042,source_document_or_landing_page,"""Design Science in Information Systems Research"" by Alan R. Hevner, Salvatore T. March et al. Home Search Browse All Content My Account About Digital Commons Network™ Skip to main content eLibrary Home AIS Home eLibrary Login Join AIS Home > Journals > Affiliated Journals > MISQ > Vol. 28 (2004) > Iss. 1 Management Inf",not_content_reviewed,identity_to_verify,
D-L02-ad277baa9bfe,L02,A Design Science Research Methodology for Information Systems Research,research/corpus/papers/L02-b37df60b32.html,research/corpus/text/L02-b37df60b32.txt,https://www.jmis-web.org/articles/765,ad277baa9bfec849de2a45320e0ae5b43b7edce4deeb9aab1f9da6c7f3ccc788,source_document_or_landing_page,"JMIS - Journal of Management Information Systems Journal of Management Information Systems Volume 24 Number 3 2007 pp. 45-77 A Design Science Research Methodology for Information Systems Research Peffers, Ken, Tuunanen, Tuure, Rothenberger, Marcus A, and Chatterjee, Samir ABSTRACT: The paper motivates, presents, demons",not_content_reviewed,identity_to_verify,
D-L02-3b0eee0e13de,L02,A Design Science Research Methodology for Information Systems Research,research/corpus/papers/L02-1d045ee96d.pdf,research/corpus/text/L02-1d045ee96d.txt,https://scholar.cgu.edu/samir-chatterjee/wp-content/uploads/sites/6/2013/07/jmis-article.pdf,3b0eee0e13dec73c03672caa9dec073f139c73cdaaf36b2f90045e48c38b0c36,source_document_or_landing_page,"A Design Science Research Methodology for Information Systems Research KEN PEFFERS, TUURE TUUNANEN, MARCUS A. ROTHENBERGER, AND SAMIR CHATTERJEE KEN PEFFERS is an Associate Professor and Chair of the Management Information Systems Department at the University of Nevada, Las Vegas. He earned his Ph.D. in Management Info",not_content_reviewed,identity_to_verify,
D-L04-dfed15162209,L04,Positioning and Presenting Design Science Research for Maximum Impact,research/corpus/papers/L04-af20f5f487.pdf,research/corpus/text/L04-af20f5f487.txt,https://ailab-ua.github.io/courses/MIS611D/gregor-2013-positioning-presenting-design-science-research.pdf,dfed15162209cc9602e8e821c307224e55a4ad153e441f75a697c3afd3d7dddb,source_document_or_landing_page,"RESEARCH ESSAY POSITIONING AND PRESENTING DESIGN SCIENCE RESEARCH FOR MAXIMUM IMPACT1 Shirley Gregor School of Accounting & Business Information Systems, College of Business and Economics, The Australian National University, Canberra ACT 0200 AUSTRALIA {Shirley.Gregor@anu.edu.au} Alan R. Hevner Information Systems and ",not_content_reviewed,identity_to_verify,
D-L05-2254326405ae,L05,Toward a functional reference model for master data quality management,research/corpus/papers/L05-db1aa40d98.html,research/corpus/text/L05-db1aa40d98.txt,https://doi.org/10.1007/s10257-011-0178-0,2254326405aedf5860ce433290d48157ecf422fc364b8fc39b8c554914a56ad4,source_document_or_landing_page,Toward a functional reference model for master data quality management | Information Systems and e-Business Management | Springer Nature Link Skip to main content Log in Menu Find a journal Publish with us Track your research Search Saved research Cart Home Information Systems and e-Business Management Article Toward a,abstract; geen volledige artikelanalyse,identity_to_verify,Uitgeversabstract
D-L06-d1bffb6b2d92,L06,Barriers to master data quality,research/corpus/papers/L06-3eb7c91bbb.html,research/corpus/text/L06-3eb7c91bbb.txt,https://portal.findresearcher.sdu.dk/en/publications/barriers-to-master-data-quality/,d1bffb6b2d92c7598eab0ee0dacb960deb26b59dd5b6e1aa07d75a748d3da777,source_document_or_landing_page,Barriers to master data quality - University of Southern Denmark Skip to main navigation Skip to search Skip to main content University of Southern Denmark Home Help & FAQ Link opens in a new tab Dansk English Search content at University of Southern Denmark Home Researchers Research units Research output Activities Pr,not_content_reviewed,identity_to_verify,
D-L07-25135d78b45f,L07,"Data governance: A conceptual framework, structured review, and research agenda",research/corpus/papers/L07-3a4864a17e.html,research/corpus/text/L07-3a4864a17e.txt,https://www.wi.uni-muenster.de/research/publications/86740390,25135d78b45f5b95fd477ec7de60d8a8cb52a8ef3fda6365db3a456ce4887be3,source_document_or_landing_page,"Data governance: A conceptual framework, structured review, and research agenda | Department of Information Systems To the content To the main navigation To the target group navigation To the sub-navigation Search Student Affairs Prospective Students Research The Department Campus Career School of Business and Economic",abstract; geen volledige artikelanalyse,identity_to_verify,Auteursinstellingsabstract
D-L08-c3a25738c268,L08,Ontological foundations for structural conceptual models,research/corpus/papers/L08-473f8f459d.html,research/corpus/text/L08-473f8f459d.txt,https://research.utwente.nl/en/publications/ontological-foundations-for-structural-conceptual-models/,c3a25738c2686a460779de595b072a4d7b6a1849ff2116ad47f937df996df06b,source_document_or_landing_page,Ontological foundations for structural conceptual models - University of Twente Research Information Skip to main navigation Skip to search Skip to main content University of Twente Research Information Home Search content at University of Twente Research Information Home Profiles Research units Projects Research outpu,not_content_reviewed,identity_to_verify,
D-L09-31bccb503578,L09,Towards ontological foundations for conceptual modeling: The unified foundational ontology (UFO) story,research/corpus/papers/L09-f6cb6bad2b.html,research/corpus/text/L09-f6cb6bad2b.txt,https://bia.unibz.it/esploro/outputs/journalArticle/Towards-ontological-foundations-for-conceptual-modeling/991005925750201241,31bccb50357843e33e44444c6dadcbe9f040e23cbbfc62a3e28d07eeea45a435,source_document_or_landing_page,Research Portal Powered by Esploro from Clarivate,not_content_reviewed,identity_to_verify,
D-L10-00ebe14c630b,L10,Evaluating ontological decisions with OntoClean,research/corpus/papers/L10-af5b66b3f5.pdf,research/corpus/text/L10-af5b66b3f5.txt,https://www.loa.istc.cnr.it/old/Papers/CACM2002.pdf,00ebe14c630b267ed1e8179145cbda28f4ac11514cdd9caeb7e546e3521bfdd3,source_document_or_landing_page,"EVALUATING ONTOLOGICAL DECISIONS with ONTOCLEAN The process of building or inappropriate and inconsistent model- engineering ontologies1 for use in ing choices. information systems remains an arcane The OntoClean methodology is art form, which must become a rigor- based on formal notions, which are gen- ous engineering",geselecteerde passage; geen integrale bronvalidatie,identity_to_verify,Taxonomische meta-eigenschappen
D-L11-23ef43c63f1d,L11,The FAIR Guiding Principles for scientific data management and stewardship,research/corpus/papers/L11-cb98710042.html,research/corpus/text/L11-cb98710042.txt,https://doi.org/10.1038/sdata.2016.18,23ef43c63f1d208e3cc001e9415cfe547b5e4e9eea0f46e538c8ad0527b80de4,source_document_or_landing_page,"The FAIR Guiding Principles for scientific data management and stewardship | Scientific Data Skip to main content Thank you for visiting nature.com. You are using a browser version with limited support for CSS. To obtain the best experience, we recommend you use a more up to date browser (or turn off compatibility mode",not_content_reviewed,identity_to_verify,
D-L12-189e6e5b68a2,L12,"Data products, data mesh, and data fabric: New paradigm(s) for data and analytics?",research/corpus/papers/L12-a874b017fb.html,research/corpus/text/L12-a874b017fb.txt,https://doi.org/10.1007/s12599-024-00876-5,189e6e5b68a242c2bd2413a0b1f731dc5f7ba5d6688dce63b3200fcdce033d3e,source_document_or_landing_page,"Data products, data mesh, and data fabric | Business & Information Systems Engineering | Springer Nature Link Skip to main content Advertisement Log in Menu Find a journal Publish with us Track your research Search Saved research Cart Home Business & Information Systems Engineering Article Data products, data mesh, and",not_content_reviewed,identity_to_verify,
D-L13-54845ff68df1,L13,Knowledge Graphs,research/corpus/papers/L13-5abd6a1f6a.pdf,research/corpus/text/L13-5abd6a1f6a.txt,https://aidanhogan.com/docs/knowledge-graphs-computing-surveys.pdf,54845ff68df19147095b32101a3228b15ccf8eaa5cfe2f631c245996341fa3c7,source_document_or_landing_page,"XX Knowledge Graphs AIDAN HOGAN, DCC, Universidad de Chile; IMFD, Chile EVA BLOMQVIST, Linköping University, Sweden MICHAEL COCHEZ, Vrije Universiteit and Discovery Lab, Elsevier, The Netherlands CLAUDIA D’AMATO, University of Bari, Italy GERARD DE MELO, HPI, Germany and Rutgers University, USA CLAUDIO GUTIERREZ, DCC, ",geselecteerde passage; geen integrale bronvalidatie,identity_to_verify,"Overzicht, schema, identiteit en context"
D-L14-81894b6696dc,L14,A Consensus Glossary of Temporal Database Concepts,research/corpus/papers/L14-fa94e82c7b.pdf,research/corpus/text/L14-fa94e82c7b.txt,https://www2.cs.arizona.edu/~rts/pubs/SIGMODRecordMarch94p52.pdf,81894b6696dc9201659ab76fe8a31fd45ce1e50f247057f1233d55885620ea66,source_document_or_landing_page,A Consensus Glossary of Temporal Database Concepts* Christian S. Jensen James Clifford Ramez Elmasri Shashi I<. Gadia Pat Hayes Sushi1 Jajodia (editors) Curtis Dyreson Fabio Grandi Wolfgang K&fer Nick Kline Nikos Lorentzos Yamzis Mitsopoulos Angelo Montanari Daniel Nonen Elisa Peressi Barbara Pernici John F. Roddick Na,geselecteerde passage; geen integrale bronvalidatie,identity_to_verify,Glossary: valid time en transaction time
D-L15-b0dda42dd5c8,L15,Beyond Accuracy: What Data Quality Means to Data Consumers,research/corpus/papers/L15-ecf4996ea9.html,research/corpus/text/L15-ecf4996ea9.txt,https://www.jmis-web.org/articles/1002,b0dda42dd5c83196bef44633ee1cda897546518dfd4a852d516a951548227b40,source_document_or_landing_page,"JMIS - Journal of Management Information Systems Journal of Management Information Systems Volume 12 Number 4 1996 pp. 5-33 Beyond Accuracy: What Data Quality Means to Data Consumers Wang, Richard W and Strong, Diane M ABSTRACT: Poor data quality (DQ) can have substantial social and economic impacts. Although firms are",abstract; geen volledige artikelanalyse,identity_to_verify,Uitgeversabstract
D-L16-5a425ab1b904,L16,Retrieval-Augmented Generation for Knowledge-Intensive NLP Tasks,research/corpus/papers/L16-c8e6865523.html,research/corpus/text/L16-c8e6865523.txt,https://proceedings.neurips.cc/paper_files/paper/2020/hash/6b493230205f780e1bc26945df7481e5-Abstract.html,5a425ab1b904e69e8ec394bc5f3cf61cd84db96b72c6cfd2a6c1c139443a73e8,source_document_or_landing_page,"Retrieval-Augmented Generation for Knowledge-Intensive NLP Tasks NeurIPS Proceedings Search Retrieval-Augmented Generation for Knowledge-Intensive NLP Tasks Patrick Lewis, Ethan Perez, Aleksandra Piktus, Fabio Petroni, Vladimir Karpukhin, Naman Goyal, Heinrich Küttler, Mike Lewis, Wen-tau Yih, Tim Rocktäschel, Sebastia",not_content_reviewed,identity_to_verify,
D-L17-fb102607daae,L17,Master data quality barriers: An empirical investigation,research/corpus/papers/L17-3dbdf668bd.html,research/corpus/text/L17-3dbdf668bd.txt,https://portal.findresearcher.sdu.dk/en/publications/master-data-quality-barriers-an-empirical-investigation/,fb102607daae2ab6bcb28064232d5fef76e962427e09c93970034700946387a0,source_document_or_landing_page,Master data quality barriers: An empirical investigation - University of Southern Denmark Skip to main navigation Skip to search Skip to main content University of Southern Denmark Home Help & FAQ Link opens in a new tab Dansk English Search content at University of Southern Denmark Home Researchers Research units Rese,not_content_reviewed,identity_to_verify,
D-L18-3ed95696d0ed,L18,SMDM: Enhancing Enterprise-Wide Master Data Management Using Semantic Web Technologies,research/corpus/papers/L18-2be5982312.pdf,research/corpus/text/L18-2be5982312.txt,https://www.vldb.org/pvldb/vol2/vldb09-1011.pdf,3ed95696d0ed8ae657f6efc6756412493efc106a09ce516748d534ddb7616fe3,source_document_or_landing_page,"SMDM: Enhancing Enterprise-Wide Master Data Management Using Semantic Web Technologies Xiaoyuan Wang1 Xingzhi Sun1 Feng Cao1 Li Ma1 Nick Kanellos2 Kang Zhang3 Yue Pan1 Yong Yu3 1 IBM China Research Lab, China {wangxyxy, sunxingz, caofeng, malli, panyue}@cn.ibm.com 2 IBM Software Group, Canada kanellos@ca.ibm.com 3 Shan",geselecteerde passage; geen integrale bronvalidatie,identity_to_verify,SMDM-architectuur en demonstratie
D-L19-3c42afedfa17,L19,A Data Quality Model for Master Data Repositories,research/corpus/papers/L19-55c3b53ece.html,research/corpus/text/L19-55c3b53ece.txt,https://doi.org/10.15388/23-INFOR534,3c42afedfa17539b89647a30fc386fd5e109d96911624fea342186459605d7d9,source_document_or_landing_page,"A Data Quality Model for Master Data Repositories Login Register Home Issues Volume 34, Issue 4 (2023) A Data Quality Model for Master Data Rep ... Informatica Information Submit your article For Referees Help ATTENTION! Article info Full article Cited by More Article info Full article Cited by A Data Quality Model for",not_content_reviewed,identity_to_verify,
D-B01-3b419f03ea05,B01,Master Data Management,research/corpus/books/B01-bc041b2983.html,research/corpus/text/B01-bc041b2983.txt,https://shop.elsevier.com/books/master-data-management/loshin/978-0-12-374225-4,3b419f03ea05965a95d645b20d2edee9f93acd4ee7a975b2fe44e76f599fefbf,landing_page,Master Data Management - 1st Edition | Elsevier Shop Skip to main content Books Journals Browse by subject Back Discover Books & Journals by subject Life Sciences Agricultural & Biological Sciences Drug Discovery Immunology Life Sciences Microbiology & Virology Neuroscience Pharmaceutical Sciences Pharmacology Toxicolo,not_content_reviewed,identity_to_verify,
D-B01-d7f98ed0d343,B01,Master Data Management,research/corpus/books/B01-6f746e01b6.pdf,research/corpus/text/B01-6f746e01b6.txt,https://booksite.elsevier.com/samplechapters/9780123742254/Sample_Chapters/02~Chapter_1.pdf,d7f98ed0d3430eca1ade182ad0032150e4563bebee724835576d716f7c89ed66,publisher_sample_chapter,"Master Data and Master Chapter 1 Data Management 1.1 DRIVING THE NEED FOR MASTER DATA Our world is increasingly becoming more connected in many different ways, and as the degree of separation shrinks, the amount of informa- tion we have at our fingertips seems to have exploded. Agile organiza- tions that can adapt to t",geselecteerde passage; geen integrale bronvalidatie,identity_to_verify,"§1.1–1.3, §1.5 en §1.9 (hoofdstukfragment)"
D-B02-e20538ea4080,B02,Enterprise Master Data Management: An SOA Approach to Managing Core Information,research/corpus/books/B02-85456d659d.html,research/corpus/text/B02-85456d659d.txt,https://www.informit.com/store/enterprise-master-data-management-an-soa-approach-to-9780132799720,e20538ea4080a81c6fbed6f41c68391449bbd5301057bb22e67014846acb025e,landing_page,"Enterprise Master Data Management: An SOA Approach to Managing Core Information | InformIT Home > Store View Larger Image Register your product to gain access to bonus material or receive a coupon. Enterprise Master Data Management: An SOA Approach to Managing Core Information By Allen Dreibelbis, Eberhard Hechler, Iva",not_content_reviewed,identity_to_verify,
D-B02-7048b36a2a4e,B02,Enterprise Master Data Management: An SOA Approach to Managing Core Information,research/corpus/books/B02-448255dab8.pdf,research/corpus/text/B02-448255dab8.txt,https://ptgmedia.pearsoncmg.com/images/9780132366250/samplepages/0132366258_Sample.pdf,7048b36a2a4ea8f93dd587e97d834619a20c201070321d6ae8b3c962acf0e142,publisher_sample,"Dreibelbis_00FM.qxd 5/9/08 2:05 PM Page viii The authors and publisher have taken care in the preparation of this book, but make no expressed or implied warranty of any kind and assume no responsibility for errors or omissions. No liability is assumed for incidental or consequential damages in connection with or arisin",not_content_reviewed,identity_to_verify,
D-B03-5cb9d8663c6b,B03,"Master Data Management and Data Governance, 2/E",research/corpus/books/B03-9cce8f15cc.html,research/corpus/text/B03-9cce8f15cc.txt,https://www.mheducation.com/highered/mhp/product/master-data-management-data-governance-2-e.html,5cb9d8663c6bd445fe2e7e766a3f73991b8f6c6a686b6286c97e326786959570,landing_page,"MASTER DATA MANAGEMENT AND DATA GOVERNANCE, 2/E Skip to main content Learning Levels PreK–12 PreK–12 Back PreK–12 Home Page Browse by Subject Browse by Subject Back Literacy Math Science Health Social Studies Intervention & Supplemental World Languages Advanced Placement & Electives CTE Computing Purchase Purchase Back",not_content_reviewed,identity_to_verify,
D-B04-3d21ffda4d15,B04,"Data Matching: Concepts and Techniques for Record Linkage, Entity Resolution, and Duplicate Detection",research/corpus/books/B04-b31e2775c7.html,research/corpus/text/B04-b31e2775c7.txt,https://link.springer.com/book/10.1007/978-3-642-31164-2,3d21ffda4d154c64c2c61cff8298914d2a8161f372d061dcf89d1fd46a62bc21,landing_page,"Data Matching: Concepts and Techniques for Record Linkage, Entity Resolution, and Duplicate Detection | Springer Nature Link Skip to main content Advertisement Log in Menu Find a journal Publish with us Track your research Search Saved research Cart Home Book Data Matching Concepts and Techniques for Record Linkage, En",not_content_reviewed,identity_to_verify,
D-B05-cad8679fb00d,B05,"Data Quality: Concepts, Methodologies and Techniques",research/corpus/books/B05-0711c01eb8.html,research/corpus/text/B05-0711c01eb8.txt,https://link.springer.com/book/10.1007/3-540-33173-5,cad8679fb00d1ccd77352c97b5ce73ea38761b3a24d497d97cfca634f1cdfe34,landing_page,"Data Quality: Concepts, Methodologies and Techniques | Springer Nature Link Skip to main content Advertisement Log in Menu Find a journal Publish with us Track your research Search Saved research Cart Home Book Data Quality Concepts, Methodologies and Techniques Book © 2006 Save book View saved research Accessibility I",not_content_reviewed,identity_to_verify,
D-B06-e068893894a2,B06,An Introduction to Ontology Engineering,research/corpus/books/B06-40d50dff32.html,research/corpus/text/B06-40d50dff32.txt,https://people.cs.uct.ac.za/~mkeet/OEbook/,e068893894a2f76a8f3576ba71c62bd88cd37f0c01efaaf05467c2746a350c32,landing_page,An Introduction to Ontology Engineering An Introduction to Ontology Engineering OE Textbook Overview ToC 2nd Ed. Exercises Tutorials Software Slides FAQ Errata Other writings Homepage Overview The main aim of the textbook An introduction to ontology engineering is to provide the reader with a comprehensive introductory,not_content_reviewed,identity_to_verify,
D-B06-151c02fc1f93,B06,An Introduction to Ontology Engineering,research/corpus/books/B06-1c7cbab4c7.pdf,research/corpus/text/B06-1c7cbab4c7.txt,https://people.cs.uct.ac.za/~mkeet/files/OEbook.pdf,151c02fc1f93c04edc73079170f2e1b0ad7dd345da05c19bc827f5185d25e64e,open_textbook_2020_not_latest_commercial_edition,"An Introduction to Ontology Engineering C. Maria Keet v1.5, 2020 An Introduction to Ontology Engineering C. Maria Keet Keywords: Ontology Engineering, Ontology, ontologies, Knowledge base, Descrip- tion Logics, OWL, Semantic Web, Ontology Development Copyright © 2020 by Maria Keet, except: The copyright of Chapter 11 i",not_content_reviewed,identity_to_verify,
D-B07-3d77f72853df,B07,Knowledge Graphs,research/corpus/books/B07-27df344a25.html,research/corpus/text/B07-27df344a25.txt,https://kgbook.org/,3d77f72853dfdb269b3cb14c9a5e950a15bd16a2f5580d380a2c1cf152f66818,author_hosted_full_html_book,Knowledge Graphs Knowledge Graphs Aidan Hogan | Eva Blomqvist | Michael Cochez Claudia d’Amato | Gerard de Melo | Claudio Gutierrez Sabrina Kirrane | José Emilio Labra Gayo | Roberto Navigli Sebastian Neumaier | Axel-Cyrille Ngonga Ngomo Axel Polleres | Sabbir M. Rashid | Anisa Rula Lukas Schmelzeisen | Juan Sequeda St,geselecteerde passage; geen integrale bronvalidatie,identity_to_verify,Scope/introductie; zie bron en standaardenmatrix
D-B08-0db8c982098d,B08,Data Mesh: Delivering Data-Driven Value at Scale,research/corpus/books/B08-4eb04125e6.pdf,research/corpus/text/B08-4eb04125e6.txt,https://www.thoughtworks.com/content/dam/thoughtworks/documents/books/bk_data_mesh_excerpt.pdf,0db8c982098d90eba350e0c4d858aaf6a38c725f8ef155efccdb345d9bd40f67,authorized_book_excerpt,Data Mesh Delivering Data-Driven Value at Scale Free Chapter Zhamak Dehghani Data Mesh Delivering Data-Driven Value at Scale This excerpt contains Chapter 1. The complete book is available on the O’Reilly Online Learning Platform and through other retailers. Zhamak Dehghani Beijing Boston Farnham Sebastopol Tokyo Data ,not_content_reviewed,identity_to_verify,
D-P01-ca787a9488c6,P01,Smarter Modeling of IBM InfoSphere Master Data Management Solutions,research/corpus/professional/P01-50a20a0575.html,research/corpus/text/P01-50a20a0575.txt,https://www.redbooks.ibm.com/abstracts/sg247956.html,ca787a9488c6c82a92c3014e99e14a71f21a6b420a623e25cd85ffa82c4fbda1,landing_page,Smarter Modeling of IBM InfoSphere Master Data Management Solutions Skip to main content IBM Redbooks Browse by Domain Training About Redbooks focus trapping button focus trapping button Back Browse by Domain IT Infrastructure Hybrid Cloud Storage focus trapping button focus trapping button Back Training Would you like,not_content_reviewed,identity_to_verify,
D-P01-17bb92804316,P01,Smarter Modeling of IBM InfoSphere Master Data Management Solutions,research/corpus/professional/P01-28c1969531.pdf,research/corpus/text/P01-28c1969531.txt,https://www.redbooks.ibm.com/redbooks/pdfs/sg247956.pdf,17bb92804316fba14ff5154b64aebad5b6a4a7816b6a9d703d7ad9c7bb3f6748,public_vendor_book,IBM ® Information Management Software Front cover Smarter Modeling of IBM InfoSphere Master Data Management Solutions Overcome the challenges in master data management integration Understand the importance of a methodology Gain insights into consistent and comprehensive modelling Jan-Bernd Bracht Joerg Rehr Markus Sieb,geselecteerde passage; geen integrale bronvalidatie,identity_to_verify,"Gedrukte pp. 42–46, 226–227 en 417"
D-P02-ad10999a1a46,P02,Master Data Management for SaaS Applications,research/corpus/professional/P02-d3ea00448e.html,research/corpus/text/P02-d3ea00448e.txt,https://www.redbooks.ibm.com/abstracts/sg248220.html,ad10999a1a46ad7315647d6a11f4badfb5864d382d08e147e11a17223057c982,landing_page,Master Data Management for SaaS Applications Skip to main content IBM Redbooks Browse by Domain Training About Redbooks focus trapping button focus trapping button Back Browse by Domain IT Infrastructure Hybrid Cloud Storage focus trapping button focus trapping button Back Training Would you like to join a team writing,not_content_reviewed,identity_to_verify,
D-P02-3eb1280fbea3,P02,Master Data Management for SaaS Applications,research/corpus/professional/P02-1d27e6dcf1.pdf,research/corpus/text/P02-1d27e6dcf1.txt,https://www.redbooks.ibm.com/redbooks/pdfs/sg248220.pdf,3eb1280fbea36c3850364d5202b4b42ddc186ac88449bd975ab790a675b0c984,public_vendor_book,Front cover Master Data Management for SaaS Applications InfoSphere MDM and SaaS applications integration guidance WebSphere Cast Iron Cloud integration as middleware Cloud application integration scenarios Whei-Jen Chen Bhavani Eshwar Ramya Rajendiran Shettigar Srinivas Manjunath B Subramanian Bharathi Venkatasubraman,geselecteerde passage; geen integrale bronvalidatie,identity_to_verify,"Scope, inhoudsopgave en integratiebespreking"
D-L20-897c669bc623,L20,Strategic Business Requirements for Master Data Management Systems,research/corpus/papers/L20-ef36ef5307.html,research/corpus/text/L20-ef36ef5307.txt,https://aisel.aisnet.org/amcis2011_submissions/108/,897c669bc623cfaf1168d4949f40dd2a447bd73103fcbf91fe825871469830f4,landing_page,"""Strategic Business Requirements for Master Data Management Systems"" by Boris Otto and Martin H. Ofner Home Search Browse All Content My Account About Digital Commons Network™ Skip to main content eLibrary Home AIS Home eLibrary Login Join AIS < Previous Next > Home > AMCIS2011_SUBMISSIONS > 108 AMCIS 2011 Proceedings ",not_content_reviewed,identity_to_verify,
D-L21-5c341632d6de,L21,"Entity Resolution: Theory, Practice & Open Challenges",research/corpus/papers/L21-a43adcb079.pdf,research/corpus/text/L21-a43adcb079.txt,https://vldb.org/pvldb/vol5/p2018_lisegetoor_vldb2012.pdf,5c341632d6de6b7d1575fe5b2eb41d2d42ec763451017de1ca45da267dcddeee,proceedings_tutorial_pdf,"Entity Resolution: Theory, Practice & Open Challenges Lise Getoor Ashwin Machanavajjhala University of Maryland, College Park Duke University getoor@cs.umd.edu ashwin@cs.duke.edu ABSTRACT 2. OUTLINE This tutorial brings together perspectives on ER from a vari- Despite its long history, with some of the earliest work go",geselecteerde passage; geen integrale bronvalidatie,identity_to_verify,Abstract en tutorialdoel
D-L22-91d57b1af271,L22,Evaluating Entity Resolution Results,research/corpus/papers/L22-265ff3c24d.pdf,research/corpus/text/L22-265ff3c24d.txt,https://www.vldb.org/pvldb/vol3/R18.pdf,91d57b1af271b1fb672a5d884c80d43a4a892775b69a8d9b009373d5cb883430,proceedings_pdf,"Evaluating Entity Resolution Results David Menestrina, Steven Euijong Whang, and Hector Garcia-Molina Computer Science Department Stanford University 353 Serra Mall, Stanford, CA 94305, USA {dmenest,swhang,hector}@cs.stanford.edu ABSTRACT Set ER Result Gold Standard {ha, bi, hc, di, he, f, g, h, i, ji} Entity Resolutio",geselecteerde passage; geen integrale bronvalidatie,identity_to_verify,Abstract en vergelijking van maatstaven
D-L23-915a1f8f1155,L23,Data Mesh: a Systematic Gray Literature Review,research/corpus/papers/L23-f81933ab74.html,research/corpus/text/L23-f81933ab74.txt,https://arxiv.org/abs/2304.01062,915a1f8f11552c6c3356d423a9207af66962118d593ed27f1a83ff8ba0a78542,landing_page,"[2304.01062] Data Mesh: a Systematic Gray Literature Review Skip to main content Search Submit Donate Log in Search arXiv Press Enter to search · Advanced search Computer Science > Software Engineering arXiv:2304.01062 (cs) [Submitted on 3 Apr 2023 (v1), last revised 7 Aug 2024 (this version, v3)] Title:Data Mesh: a Sy",not_content_reviewed,identity_to_verify,
D-L23-70ad69acd51d,L23,Data Mesh: a Systematic Gray Literature Review,research/corpus/papers/L23-4745466c90.pdf,research/corpus/text/L23-4745466c90.txt,https://arxiv.org/pdf/2304.01062,70ad69acd51dfffadf728053ce0c4ab81b09181a647ff022bfb5a1437e59971f,preprint_full_text,"Data Mesh: A Systematic Gray Literature Review ABEL GOEDEGEBUURE, INDIKA KUMARA, STEFAN DRIESSEN, and WILLEM-JAN VAN DEN HEUVEL, Tilburg University, Netherlands GEERT MONSIEUR and DAMIAN ANDREW TAMBURRI, Eindhoven University of Technology, Netherlands DARIO DI NUCCI, University of Salerno, Italy arXiv:2304.01062v3 [cs.",not_content_reviewed,identity_to_verify,
D-L23-5f3561700724,L23,Data Mesh: a Systematic Gray Literature Review,research/corpus/papers/L23-e486d09f75.pdf,research/corpus/text/L23-e486d09f75.txt,https://stefan-driessen.github.io/publication/data-mesh-systematic-grey-literature-study/Data%20Mesh%20-%20Systematic%20Grey%20Literature%20Study.pdf,5f356170072463052a93a6a397ee3c8b00a2f4e68d05fabb2f2c4a56f001e3c6,author_manuscript_not_final_version,"Data Mesh: a Systematic Gray Literature Review ABEL GOEDEGEBUURE, INDIKA KUMARA, STEFAN DRIESSEN, and WILLEM- JAN VAN DEN HEUVEL, Tilburg University, Netherlands GEERT MONSIEUR and DAMIAN ANDREW TAMBURRI, Eindhoven University of Technol- ogy, Netherlands DARIO DI NUCCI, University of Salerno, Italy Data mesh is an emer",geselecteerde passage; geen integrale bronvalidatie,identity_to_verify,Abstract en vier principes; auteursversie 2023
D-L24-f0ba591907f9,L24,"The Future of Data Management: A Delimitation of Data Platforms, Data Spaces, Data Meshes, and Data Fabrics",research/corpus/papers/L24-8124ff79bc.html,research/corpus/text/L24-8124ff79bc.txt,https://link.springer.com/article/10.1007/s10257-025-00707-4,f0ba591907f9ba1d0bb4e5aed98528e44d2f15195cc7b0eb05b533be92c5f1de,landing_page,"The Future of Data Management: A Delimitation of Data Platforms, Data Spaces, Data Meshes, and Data Fabrics | Information Systems and e-Business Management | Springer Nature Link Skip to main content Advertisement Log in Menu Find a journal Publish with us Track your research Search Saved research Cart Home Information",not_content_reviewed,identity_to_verify,
D-L26-837a5860b7d3,L26,Mapping the evolution of data governance scientific research,research/corpus/papers/L26-47a92434a9.html,research/corpus/text/L26-47a92434a9.txt,https://pure.iiasa.ac.at/id/eprint/20795/,837a5860b7d38997dd92603386eddce5f33f53f850c30992f2b06d36276c144e,landing_page,Mapping the evolution of data governance scientific research UPDATE THIS TITLE | IIASA WEBSITE Skip to main content Main navigation Home Research Models and data News and Events Join us About IIASA A A Home Search Browse Information Policies Login Admin Mapping the evolution of data governance scientific research Tools,not_content_reviewed,identity_to_verify,
D-L29-873f95992511,L29,End-to-End Entity Resolution for Big Data: A Survey,research/corpus/papers/L29-1d4bdfbc41.html,research/corpus/text/L29-1d4bdfbc41.txt,https://arxiv.org/abs/1905.06397,873f959925117e2e6e48afa3fbaeb824596ba06e44232768ff88e9c9bbb7b0bb,landing_page,"[1905.06397] End-to-End Entity Resolution for Big Data: A Survey Skip to main content Search Submit Donate Log in Search arXiv Press Enter to search · Advanced search Computer Science > Databases arXiv:1905.06397 (cs) [Submitted on 15 May 2019 (v1), last revised 19 Aug 2020 (this version, v3)] Title:End-to-End Entity R",not_content_reviewed,identity_to_verify,
D-L29-0c945b3e6033,L29,End-to-End Entity Resolution for Big Data: A Survey,research/corpus/papers/L29-1ff494de9c.pdf,research/corpus/text/L29-1ff494de9c.txt,https://arxiv.org/pdf/1905.06397,0c945b3e60330bcdddcf43bd7cfc2e000c3d7263ee7862776f2b554450124b2c,preprint_full_text,"End-to-End Entity Resolution for Big Data: A Survey VASSILIS CHRISTOPHIDES, ENSEA, ETIS Lab, France VASILIS EFTHYMIOU, IBM Research, USA arXiv:1905.06397v3 [cs.DB] 19 Aug 2020 THEMIS PALPANAS, University of Paris & French University Institute (IUF), France GEORGE PAPADAKIS, National and Kapodistrian University of Athen",geselecteerde passage; geen integrale bronvalidatie,identity_to_verify,"Abstract en end-to-end overzicht; arXiv v3, 2020"
D-L30-27c8b69ebb54,L30,A Survey of Blocking and Filtering Techniques for Entity Resolution,research/corpus/papers/L30-c7aba244e7.html,research/corpus/text/L30-c7aba244e7.txt,https://arxiv.org/abs/1905.06167,27c8b69ebb546c36e6e6c553c46fd2b020dd8fcadc6d5cedcdf5cfbb22098d5e,landing_page,"[1905.06167] A Survey of Blocking and Filtering Techniques for Entity Resolution Skip to main content Search Submit Donate Log in Search arXiv Press Enter to search · Advanced search Computer Science > Databases arXiv:1905.06167 (cs) [Submitted on 15 May 2019 (v1), last revised 21 Aug 2020 (this version, v4)] Title:A S",not_content_reviewed,identity_to_verify,
D-L30-6e26e7a95b31,L30,A Survey of Blocking and Filtering Techniques for Entity Resolution,research/corpus/papers/L30-024a111af7.pdf,research/corpus/text/L30-024a111af7.txt,https://arxiv.org/pdf/1905.06167,6e26e7a95b315a799f8ddb2a466c48615a931297cf256701b7fd3a3c4a3c814c,preprint_full_text,"A Survey of Blocking and Filtering Techniques for Entity Resolution GEORGE PAPADAKIS, National and Kapodistrian University of Athens, Greece arXiv:1905.06167v4 [cs.DB] 21 Aug 2020 DIMITRIOS SKOUTAS, IMSI, Athena Research Center, Greece EMMANOUIL THANOS, KU Leuven, Belgium THEMIS PALPANAS, Paris Descartes University, Fr",geselecteerde passage; geen integrale bronvalidatie,identity_to_verify,"Abstract; arXiv v4, 2020"
D-L31-8f87081aff24,L31,xLP: Explainable Link Prediction for Master Data Management,research/corpus/papers/L31-fcf2da67c7.html,research/corpus/text/L31-fcf2da67c7.txt,https://arxiv.org/abs/2403.09806,8f87081aff24f10cacfa7fdc4af042e1cc635dba0d2b6f85181d225bd1631481,landing_page,[2403.09806] xLP: Explainable Link Prediction for Master Data Management Skip to main content Search Submit Donate Log in Search arXiv Press Enter to search · Advanced search Computer Science > Artificial Intelligence arXiv:2403.09806 (cs) [Submitted on 14 Mar 2024] Title:xLP: Explainable Link Prediction for Master Dat,not_content_reviewed,identity_to_verify,
D-L31-6e59f2409ce8,L31,xLP: Explainable Link Prediction for Master Data Management,research/corpus/papers/L31-decc8c232d.pdf,research/corpus/text/L31-decc8c232d.txt,https://arxiv.org/pdf/2403.09806,6e59f2409ce8ac05c1d14117cf418a3c6ccf6f4bf94ae0f56aa4d053020a923f,preprint_full_text,"NeurIPS 2020 Competition and Demonstration Track xLP: Explainable Link Prediction for Master Data Management Balaji Ganesan bganesa1@in.ibm.com Sumit Bhatia sumitbhatia@in.ibm.com Hima Patel himapatel@in.ibm.com Sameep Mehta sameepmehta@in.ibm.com IBM Research, India arXiv:2403.09806v1 [cs.AI] 14 Mar 2024 Matheen Ahmed",geselecteerde passage; geen integrale bronvalidatie,identity_to_verify,Abstract en demonstratie; depotversie 2024
D-M01-9963b819863a,M01,PRISMA Extension for Scoping Reviews (PRISMA-ScR): Checklist and Explanation,research/corpus/methods/M01-501e205a9e.pdf,research/corpus/text/M01-501e205a9e.txt,https://eprints.whiterose.ac.uk/136633/1/PRISMA_ScR_Manuscript_July6th_clean_1_.pdf,9963b819863a92a1226b8bddc7b8d2d00b6dfe5749da4ae61aa53380f804da85,repository_author_manuscript,"eprints@whiterose.ac.uk https://eprints.whiterose.ac.uk Universities of Leeds, Sheffield and York Deposited via The University of York. White Rose Research Online URL for this paper: https://eprints.whiterose.ac.uk/id/eprint/136633/ Version: Accepted Version Article: Tricco, Andrea C, Lillie, Erin, Zarin, Wasifa et al.",geselecteerde passage; geen integrale bronvalidatie,identity_to_verify,Checklist en toelichting
D-M02-1cb9b126d786,M02,PRISMA-S: an extension to the PRISMA statement for reporting literature searches in systematic reviews,research/corpus/methods/M02-5062d21895.html,research/corpus/text/M02-5062d21895.txt,https://pmc.ncbi.nlm.nih.gov/articles/PMC8270366/,1cb9b126d78691c33bfc53e39a29519256324bbccc6245c0122c7790a57a337e,landing_page,PRISMA-S: an extension to the PRISMA statement for reporting literature searches in systematic reviews - PMC Skip to main content An official website of the United States government Here's how you know Here's how you know Official websites use .gov A .gov website belongs to an official government organization in the Un,geselecteerde passage; geen integrale bronvalidatie,identity_to_verify,Abstract en rapportage-items
D-B09-ff2c3395088c,B09,"Data Governance: How to Design, Deploy, and Sustain an Effective Data Governance Program",research/corpus/books/B09-129fa7f9d0.html,research/corpus/text/B09-129fa7f9d0.txt,https://shop.elsevier.com/books/data-governance/ladley/978-0-12-815831-9,ff2c3395088ce4f5ede1c8bd71b94c4613f68cd7bb40d44306e43bfbe9158117,landing_page,Data Governance - 2nd Edition | Elsevier Shop Skip to main content Books Journals Browse by subject Back Discover Books & Journals by subject Life Sciences Agricultural & Biological Sciences Drug Discovery Immunology Life Sciences Microbiology & Virology Neuroscience Pharmaceutical Sciences Pharmacology Toxicology All ,not_content_reviewed,identity_to_verify,
D-L08-e630cc6cd6b3,L08,Ontological foundations for structural conceptual models,research/corpus/papers/L08-994a4f9d9d.pdf,research/corpus/text/L08-994a4f9d9d.txt,https://www.inf.ufes.br/~gguizzardi/OFSCM.pdf,e630cc6cd6b314a080f3e213bd1f49f0ef773483b53e8682b2e59b45d3638408,author_hosted_thesis,"O N T O L O G I C A L F O U N D AT I O N S F O R S T R U C T U R A L C O N C E P T U A L M O D E L S Ontological Foundations For Telematica Instituut, On top of technology. Structural Conceptual Models Giancarlo Guizzardi This publication is a collaborative result of the Telematica Instituut and the Centre for Telemati",geselecteerde passage; geen integrale bronvalidatie,identity_to_verify,Theoretische hoofdstukken over identiteit en ontologische categorieën
D-L27-515fc32968b4,L27,Impact of a Master Data Management Framework to Trigger Data Governance Maturity: A Systematic Literature Review,research/corpus/papers/L27-ba0383324b.pdf,research/corpus/text/L27-ba0383324b.txt,https://repositorioaberto.uab.pt/bitstreams/12897f32-bf0e-446e-ae94-2e6bc2a78ac7/download,515fc32968b4668cacf034b04cf8657c7dcf2226457d274d64ef7fdc1329fc2f,institutional_repository_paper,"Received 22 September 2025, accepted 16 October 2025, date of publication 31 October 2025, date of current version 11 November 2025. Digital Object Identifier 10.1109/ACCESS.2025.3627855 Impact of a Master Data Management Framework to Trigger Data Governance Maturity: A Systematic Literature Review LEONARDO GUERREIRO 1",geselecteerde passage; geen integrale bronvalidatie,identity_to_verify,Abstract; selectiemethode; conclusie en limitations
D-L01-d5a9c64d6a4b,L01,Design Science in Information Systems Research,research/corpus/papers/L01-fb0197e2f5.html,research/corpus/text/L01-fb0197e2f5.txt,https://aisel.aisnet.org/cgi/viewcontent.cgi?article=2693&context=misq,d5a9c64d6a4beb90f48c791d7b517e592a19aaf38b4e32909bfd83c260e99a03,venue_download,Bepress Guest Access Home Search Browse All Content My Account About Digital Commons Network™ Skip to main content eLibrary Home AIS Home eLibrary Login Join AIS Home > Journals > Affiliated Journals > MISQ Management Information Systems Quarterly Existing AIS Member? Log in at the bottom of this page. Ready to join AI,not_content_reviewed,identity_to_verify,
D-L20-fb1f53b9c74a,L20,Strategic Business Requirements for Master Data Management Systems,research/corpus/papers/L20-ef53704b6c.pdf,research/corpus/text/L20-ef53704b6c.txt,https://aisel.aisnet.org/cgi/viewcontent.cgi?article=1134&context=amcis2011_submissions,fb1f53b9c74acdf49695dde44c7695f078779cc9599e2f207cf8241c387c176a,venue_download,"Association for Information Systems AIS Electronic Library (AISeL) AMCIS 2011 Proceedings - All Submissions 8-7-2011 Strategic Business Requirements for Master Data Management Systems Boris Otto University of St. Gallen, boris.otto@tu-dortmund.de Martin H. Ofner University of St. Gallen, martin.ofner@unisg.ch Follow th",geselecteerde passage; geen integrale bronvalidatie,identity_to_verify,Theoretisch kader p. 2–3; tabellen 1–2 p. 6–7
D-S01-b622bf8aa043,S01,DAMA-DMBOK,research/corpus/standards/S01-d1e3a35a96.html,research/corpus/text/S01-d1e3a35a96.txt,https://dama.org/learning-resources/dama-data-management-body-of-knowledge-dmbok/,b622bf8aa043cd906009bf79480184a19c7e8a32c77fd1e38b8dda9700c59de5,official_overview_not_book,DAMA® Data Management Body of Knowledge (DAMA-DMBOK®) - DAMA International® We use cookies to improve your experience on our site. Necessary cookies keep the site functional. Analytics cookies help us understand how visitors interact with the site. You can choose which cookies to allow. See our privacy policy and cooki,not_content_reviewed,identity_to_verify,
D-S01-ceedda6cb0e2,S01,DAMA-DMBOK,research/corpus/standards/S01-0d621a234a.html,research/corpus/text/S01-0d621a234a.txt,https://dama.org/dmbok2r-infographics/,ceedda6cb0e202564ed02f28b163337672dd3b2059cc682683e6808d01b3719d,official_open_figures_landing_page_not_book,DAMA-DMBOK® - DAMA International® We use cookies to improve your experience on our site. Necessary cookies keep the site functional. Analytics cookies help us understand how visitors interact with the site. You can choose which cookies to allow. See our privacy policy and cookie policy for details. Accept All Reject Al,not_content_reviewed,identity_to_verify,
D-L13-348d06999cd5,L13,Knowledge Graphs,research/corpus/papers/L13-450441ea77.pdf,research/corpus/text/L13-450441ea77.txt,https://arxiv.org/pdf/2003.02320,348d06999cd5fd039d31620f9552dba0ac34e9e16a614f88473a74591b9f438e,author_preprint,"Knowledge Graphs AIDAN HOGAN, IMFD, DCC, Universidad de Chile, Chile EVA BLOMQVIST, Linköping University, Sweden MICHAEL COCHEZ, Vrije Universiteit and Discovery Lab, Elsevier, The Netherlands arXiv:2003.02320v6 [cs.AI] 11 Sep 2021 CLAUDIA D’AMATO, University of Bari, Italy GERARD DE MELO, HPI, Germany and Rutgers Univ",not_content_reviewed,identity_to_verify,
D-L16-720f67eb41aa,L16,Retrieval-Augmented Generation for Knowledge-Intensive NLP Tasks,research/corpus/papers/L16-649aaeda18.pdf,research/corpus/text/L16-649aaeda18.txt,https://proceedings.neurips.cc/paper_files/paper/2020/file/6b493230205f780e1bc26945df7481e5-Paper.pdf,720f67eb41aa49995d5fcf3d24ac7efe431fbe08ce109b14b5a9fa4d4ebe2f8b,linked_pdf_candidate_not_yet_screened,"Retrieval-Augmented Generation for Knowledge-Intensive NLP Tasks Patrick Lewis†‡ , Ethan Perez? , Aleksandra Piktus† , Fabio Petroni† , Vladimir Karpukhin† , Naman Goyal† , Heinrich Küttler† , Mike Lewis† , Wen-tau Yih† , Tim Rocktäschel†‡ , Sebastian Riedel†‡ , Douwe Kiela† † Facebook AI Research; ‡ University College",geselecteerde passage; geen integrale bronvalidatie,linked_document_not_identical_to_parent_by_default,Abstract en methode
D-S13-3ca3a7b46304,S13,MIM,research/corpus/standards/S13-fa4dce9bb9.pdf,research/corpus/text/S13-fa4dce9bb9.txt,https://www.forumstandaardisatie.nl/sites/default/files/2021-04/Intakeadvies%20MIM.pdf,3ca3a7b4630419031aae58e1650d5b757fdddd4933dfd4e6bc952e6e5d2c562b,linked_pdf_candidate_not_yet_screened,Notitie FORUM STANDAARDISATIE 12 december 2018 Agendapunt 3C Intakeadvies MIM Nummer: FS 181212.3C Aan: Forum Standaardisatie Van: Stuurgroep Open Standaarden Datum: 26 november 2018 Versie: 1.0 Bijlagen: niet van toepassing Advies Geadviseerd wordt om MIM in procedure te nemen voor opname op de lijst aanbevolen standa,not_content_reviewed,linked_document_not_identical_to_parent_by_default,
D-S13-ea97d6081e1c,S13,MIM,research/corpus/standards/S13-77bbf48061.pdf,research/corpus/text/S13-77bbf48061.txt,https://www.forumstandaardisatie.nl/sites/default/files/2021-04/Expertadvies%20MIM.pdf,ea97d6081e1c4f6d7977c81f37eb4946189ede73c125d5be2cf170751c984895,linked_pdf_candidate_not_yet_screened,"Expertadvies MIM (Metamodel voor informatiemodellering) Datum: 23 maart 2021 Versienummer: 1.0 Opdrachtgever: Forum Standaardisatie Postbus 96810 2509 JE Den Haag 070-8887776 info@forumstandaardisatie.nl Procedurebegeleiding: Lost Lemon Voorzitter expertgroep: Diana Koppenol Auteurs: Arjen Brienen, Jasper Muskiet Exper",not_content_reviewed,linked_document_not_identical_to_parent_by_default,
D-S13-85ac8e60f7d4,S13,MIM,research/corpus/standards/S13-0b3e7ab74f.pdf,research/corpus/text/S13-0b3e7ab74f.txt,https://www.forumstandaardisatie.nl/sites/default/files/FS/2021/0609/FS-20210609.3D-Forumadvies-MIM.pdf,85ac8e60f7d4277040cb32b7c7144459e76ecbef8a1024fb43916d0fae60a80c,linked_pdf_candidate_not_yet_screened,notitie FORUM STANDAARDISATIE 9 JUNI 2021 Agendapunt 3D – Forumadvies MIM Nummer: FS-20210609.3D Aan: Forum Standaardisatie Van: Stuurgroep Open Standaarden Datum: 25 mei 2021 Versie: 1.1 Bijlagen: Expertadvies MIM C ommentaar op de openbare consultatie MIM 1. Advies Het Forum Standaardisatie wordt gevraagd om in te st,not_content_reviewed,linked_document_not_identical_to_parent_by_default,
D-S14-882e2bc3a843,S14,NL-SBB,research/corpus/standards/S14-1745dabc73.pdf,research/corpus/text/S14-1745dabc73.txt,https://courses.media.mit.edu/2004spring/mas966/Ogden%20Richards%201923.pdf,882e2bc3a843906cdb6bda520464907076e8138b91df0f100fc76da62c83f4a3,linked_pdf_candidate_not_yet_screened,,not_content_reviewed,linked_document_not_identical_to_parent_by_default,Geen doorzoekbare tekst; OCR/visuele inspectie nodig.
D-S14-edc71f116d5d,S14,NL-SBB,research/corpus/standards/S14-0730fd0c87.pdf,research/corpus/text/S14-0730fd0c87.txt,https://www.forumstandaardisatie.nl/sites/default/files/BFS/3-lijsten/standaarden/nl-sbb/20240619-intakeadvies-nl-sbb.pdf,edc71f116d5d8f26971250a734a7228e7ee4108ee899d02ca6bbf7d30c1c135c,linked_pdf_candidate_not_yet_screened,Intakeadvies NL-SBB Vergadering: Forum Standaardisatie 19 juni 2024 Agendapunt: 3E Documentnummer: FS-20240619.3E-intakeadvies-nl-sbb Aan: Forum Standaardisatie Van: Stuurgroep Open Standaarden Datum: 19 juni 2024 Versie: 1.0 Bijlagen: geen Rechten: CC0 publieke domein verklaring 1 Samenvatting en advies De Stuurgroep ,not_content_reviewed,linked_document_not_identical_to_parent_by_default,
D-S14-7f05787b08b5,S14,NL-SBB,research/corpus/standards/S14-0cdfab6e30.pdf,research/corpus/text/S14-0cdfab6e30.txt,https://www.forumstandaardisatie.nl/sites/default/files/BFS/3-lijsten/standaarden/nl-sbb/20241120-Expertadvies-NL-SBB.pdf,7f05787b08b579a92a83da1fd3b22abebee78fa9ceb8cc337705bf37c9ea9285,linked_pdf_candidate_not_yet_screened,Expertadvies NL-SBB Aan: Forum Standaardisatie Van: InnoValor Advies Datum: 22 november 2024 Versie: 1.0 Bijlagen: geen 1 Advies De experts die betrokken waren bij het expertonderzoek adviseren om NL-SBB te verplichten aan de overheid (‘Pas toe of leg uit’-verplichting) via plaatsing op de 'Pas toe of leg uit'-lijst va,not_content_reviewed,linked_document_not_identical_to_parent_by_default,
D-S14-e21ca7e28abd,S14,NL-SBB,research/corpus/standards/S14-6141e7f8dc.pdf,research/corpus/text/S14-6141e7f8dc.txt,https://www.forumstandaardisatie.nl/sites/default/files/BFS/3-lijsten/standaarden/nl-sbb/20241223-verslag-reacties-consultatie-NL-SBB-plus-Memo-Reactie-KVK-internetconsultatie-NL-SBB.pdf,e21ca7e28abd412a0a8b945ded8e6515ba14e7bfd604c7898ea26d805498209c,linked_pdf_candidate_not_yet_screened,Verslag reacties consultatie NL-SBB verplichten Aan: Forum Standaardisatie Van: Bureau Forum Standaardisatie Datum: 23 december 2024 Versie: 1.0 Bijlage: n.v.t. 1. Inleiding Dit verslag bevat de openbare reacties uit de openbare consultatie NL-SBB verplichten van het Forum Standaardisatie van 22 november tot en met 20 ,not_content_reviewed,linked_document_not_identical_to_parent_by_default,
D-S15-82efc2200f4f,S15,TOOI,research/corpus/standards/S15-da90555eb3.pdf,research/corpus/text/S15-da90555eb3.txt,https://www.forumstandaardisatie.nl/sites/default/files/BFS/3-lijsten/standaarden/mdto/20251210-Forumadvies-MDTO.pdf,82efc2200f4f999714727730ad1f54f5efbf19c8b964ca8fea6c896f6a2cff28,linked_pdf_candidate_not_yet_screened,Forumadvies MDTO Vergadering: Forum Standaardisatie woensdag 10 december 2025 Agendapunt: 3A Documentnummer: 3A Aan: Forum Standaardisatie Van: Stuurgroep Open Standaarden Datum: 28 november 2025 Bijlagen: Intakadvies MDTO Expertadvies MDTO Verslag reactie(s) internetconsultatie MDTO Rechten CC0 publieke domein verklar,not_content_reviewed,linked_document_not_identical_to_parent_by_default,
D-S15-b7a62a828c28,S15,TOOI,research/corpus/standards/S15-e28a29fa03.pdf,research/corpus/text/S15-e28a29fa03.txt,https://www.forumstandaardisatie.nl/sites/default/files/BFS/3-lijsten/standaarden/tooi/20251210-Forumadvies-TOOI.pdf,b7a62a828c28b144772ea9e3b5b4a56ccc39948b4c65a032a41ebf6e5a4acd24,linked_pdf_candidate_not_yet_screened,Forumadvies TOOI Vergadering: Forum Standaardisatie 10 december 2025 Agendapunt: 3B Documentnummer: 3B Aan: Forum Standaardisatie Van: Stuurgroep Open Standaarden Datum: 28 november 2025 Bijlagen: Intakadvies TOOI Expertadvies TOOI Consultatieverslag TOOI Rechten CC0 publieke domein verklaring 1 Advies Het Forum Standa,not_content_reviewed,linked_document_not_identical_to_parent_by_default,
D-S15-1e631310091e,S15,TOOI,research/corpus/standards/S15-3b1436b5c6.pdf,research/corpus/text/S15-3b1436b5c6.txt,https://www.forumstandaardisatie.nl/sites/default/files/BFS/3-lijsten/standaarden/tooi/20240920-intakeadvies-TOOI.pdf,1e631310091ef8f564dd2cf5838abde7e4c67269c814bfac096dd4c08dab15ad,linked_pdf_candidate_not_yet_screened,Intakeadvies TOOI Vergadering: Forum Standaardisatie 2 oktober 2024 Agendapunt: 3B Documentnummer: FS-20241002.3B Aan: Forum Standaardisatie Van: Stuurgroep Open Standaarden Datum: 20 september 2024 Versie: 1.0 Bijlagen: geen Rechten: CC0 publieke domein verklaring 1 Samenvatting en advies De Stuurgroep Open Standaarde,not_content_reviewed,linked_document_not_identical_to_parent_by_default,
D-S16-72271109c83c,S16,DCAT-AP-NL,research/corpus/standards/S16-ba72e7592d.pdf,research/corpus/text/S16-ba72e7592d.txt,https://www.forumstandaardisatie.nl/sites/default/files/BFS/3-lijsten/standaarden/DCAT-AP-NL/20250924-Intakeadvies-DCAT-AP-NL-3.0.pdf,72271109c83c2f88a1f3229385c3e511bc72795ca674bdc99acef80a36c85829,linked_pdf_candidate_not_yet_screened,Intakeadvies DCAT-AP-NL 3.0 Vergadering: Forum Standaardisatie woensdag 24 september 2025 Agendapunt: Documentnummer: Aan: Forum Standaardisatie Van: Stuurgroep Open Standaarden Datum: 29 augustus 2025 Versie: 0.9 Bijlagen: geen Rechten: CC0 publieke domein verklaring 1 Samenvatting en advies De Stuurgroep Open Standaa,not_content_reviewed,linked_document_not_identical_to_parent_by_default,
D-S16-9efb9de0c00d,S16,DCAT-AP-NL,research/corpus/standards/S16-c4c5bddc7d.pdf,research/corpus/text/S16-c4c5bddc7d.txt,https://www.forumstandaardisatie.nl/sites/default/files/BFS/3-lijsten/standaarden/DCAT-AP-NL/20260323-Expertadvies-DCAT-AP-NL-versie-3.0.pdf,9efb9de0c00d814f875086e39522b31960ab8a7d71297161d789cc1a569e0863,linked_pdf_candidate_not_yet_screened,Expertadvies DCAT-AP-NL versie 3.0.0 Aan: Forum Standaardisatie Van: Innovalor Advies B.V. Datum: 23 maart 2026 Versie: 1.0 Bijlagen: Metadataprofiel DCAT-AP-NL Memo Geonovum en Nationaal Archief: Relaties tussen verschillende metadata standaarden 1 Advies De experts die betrokken waren bij het expertonderzoek advisere,not_content_reviewed,linked_document_not_identical_to_parent_by_default,
D-S17-585687601fac,S17,NEN 3610,research/corpus/standards/S17-5de084bdde.pdf,research/corpus/text/S17-5de084bdde.txt,https://www.forumstandaardisatie.nl/sites/default/files/Downloads/Bijlagen%20OS/Geo-Standaarden/Intake-nieuwe-versie-Geo-standaarden-een-aanvraag-uitstekend-beheer.pdf,585687601facdb35e86394a83003fc4e1a56cb8bc0cf283179f04dadb6c6e6f4,linked_pdf_candidate_not_yet_screened,Forum Standaardisatie Wilhelmina van Pruisenweg 52 2595 AN Den Haag Postbus 96810 2509 JE Den Haag www.forumstandaardisatie.nl FORUM STANDAARDISATIE Betreft: Intake-advies voor Geo-standaarden Datum: 22 mei 2014 Versie 1.0 Bijlagen: Bijlagen: - Advies Conclusie: Het Forum Standaardisatie wordt geadviseerd om de aangeme,not_content_reviewed,linked_document_not_identical_to_parent_by_default,
D-S17-b84a2fd40719,S17,NEN 3610,research/corpus/standards/S17-5093bbb8f7.pdf,research/corpus/text/S17-5093bbb8f7.txt,https://www.forumstandaardisatie.nl/sites/default/files/Downloads/Bijlagen%20OS/Geo-Standaarden/140731Expertadvies-geo-standaarden-v1.0.pdf,b84a2fd407192774562d9a1d15f39c8126d961f9b9eaef8c94106ea0e98814d5,linked_pdf_candidate_not_yet_screened,Forum Standaardisatie Expertadvies geo-standaarden Datum 31 juli 2014 Expertadvies geo-standaarden | Forum Standaardisatie | 31 juli 2014 Colofon Projectnaam Expertadvies geo-standaarden Versienummer 1.0 Locatie Organisatie Forum Standaardisatie Postbus 96810 2509 JE Den Haag forumstandaardisatie@logius.nl Auteurs Rick,not_content_reviewed,linked_document_not_identical_to_parent_by_default,
D-S17-29bf8ad3d19c,S17,NEN 3610,research/corpus/standards/S17-6ed0e17584.pdf,research/corpus/text/S17-6ed0e17584.txt,https://www.forumstandaardisatie.nl/sites/default/files/Downloads/Bijlagen%20OS/Geo-Standaarden/141015-Overzicht-reacties-consultatieronde-geo-standaarden-v1.0.pdf,29bf8ad3d19cdefde594e9567b46f99e142001e84b586b0ef7a2f58db2d2b151,linked_pdf_candidate_not_yet_screened,Forum Standaardisatie Wilhelmina v Pruisenweg 104 2595 AN Den Haag Postbus 84011 2508 AA Den Haag www.forumstandaardisatie.nl Aan: Forum Standaardisatie Van: Bureau Forum Standaardisatie Datum: 15-10-2014 Versie 1.0 Betreft: Overzicht reacties consultatieronde geo- standaarden Bijlagen: - Reactie Esri Nederland Pagina ,not_content_reviewed,linked_document_not_identical_to_parent_by_default,
D-S18-ccdf6377c8e8,S18,NLGov REST API Design Rules,research/corpus/standards/S18-4b09decc1e.pdf,research/corpus/text/S18-4b09decc1e.txt,https://gitdocumentatie.logius.nl/publicatie/api/adr/2.2.0/api-adr-2.2.0.pdf,ccdf6377c8e8268eb3c0e510bdf8c650b211f61f5f55586240a9a48b9ac70fd6,linked_pdf_candidate_not_yet_screened,"NLGov REST API Design Rules 2.2.0 Logius Standard - Definitive version Logius Standard Definitive version June 02, 2026 This version: https://gitdocumentatie.logius.nl/publicatie/api/adr/2.2.0/ Latest published version: https://gitdocumentatie.logius.nl/publicatie/api/adr/ Latest editor's draft: https://logius-standaar",not_content_reviewed,linked_document_not_identical_to_parent_by_default,
D-S18-6daa787f2eef,S18,NLGov REST API Design Rules,research/corpus/standards/S18-b75c68c922.pdf,research/corpus/text/S18-b75c68c922.txt,https://www.forumstandaardisatie.nl/sites/default/files/Downloads/Bijlagen%20OS/REST%20API%20Design%20Rules/Intakeadvies_API_Design_Rules.pdf,6daa787f2eeff2345ef8f069ef56de180bdfe404d544fea2f8ed2e51f25dbe7f,linked_pdf_candidate_not_yet_screened,notitie FORUM STANDAARDISATIE 11 december 2019 Agendapunt 4C Intakeadvies API Design Rules Nummer: FS-191211.4C Aan: Forum Standaardisatie Van: Stuurgroep Open Standaarden Datum: 11 december 2019 Versie: 1.1 Bijlagen: niet van toepassing Advies Het Forum Standaardisatie wordt geadviseerd om API Design Rules in procedur,not_content_reviewed,linked_document_not_identical_to_parent_by_default,
D-S18-33c39ec2752b,S18,NLGov REST API Design Rules,research/corpus/standards/S18-6c657f9cae.pdf,research/corpus/text/S18-6c657f9cae.txt,https://www.forumstandaardisatie.nl/sites/default/files/Downloads/Bijlagen%20OS/REST%20API%20Design%20Rules/Expertadvies-standaard-REST-API-Design-Rules-1.0.pdf,33c39ec2752be9df59d720c054953c125c0a2b750d3890693f982f0de7c6b590,linked_pdf_candidate_not_yet_screened,"Expertadvies REST API Design Rules Datum: 20 februari 2020 Versienummer: 1.0 Opdrachtgever: Forum Standaardisatie Postbus 96810 2509 JE Den Haag 070-8887776 info@forumstandaardisatie.nl Procedurebegeleiding: Lost Lemon Voorzitter expertgroep: Bas van Luxemburg Auteurs: Arjen Brienen, Jasper Muskiet Expertadvies REST AP",not_content_reviewed,linked_document_not_identical_to_parent_by_default,
D-S18-5cd9343a99ea,S18,NLGov REST API Design Rules,research/corpus/standards/S18-39355f08d3.pdf,research/corpus/text/S18-39355f08d3.txt,https://www.forumstandaardisatie.nl/sites/default/files/2020-06/Forumadvies-REST-API-Design-Rules.pdf,5cd9343a99ea0488b6a93049f89cdec12673985743070c5544c109a9e461e9f4,linked_pdf_candidate_not_yet_screened,notitie FORUM STANDAARDISATIE 6 mei 2020 Agendapunt 3A - Forumadvies REST API Design Rules Nummer: FS-20200506.3A Aan: Forum Standaardisatie Van: Stuurgroep Open Standaarden Datum: 1 april 2020 Versie: 1.0 Bijlagen: Expertadvies REST API Design Rules Commentaar op de openbare consultatie REST API Design Rules 1. Aanlei,not_content_reviewed,linked_document_not_identical_to_parent_by_default,
D-S19-eaa7dd505cac,S19,OpenAPI Specification,research/corpus/standards/S19-cdd4c39a35.pdf,research/corpus/text/S19-cdd4c39a35.txt,https://www.forumstandaardisatie.nl/sites/default/files/FS/2023/0614/FS-20230614.3-Oplegnotitie-Open-Standaarden-Lijsten.pdf,eaa7dd505cac5328287d8c38bcee1dc29bf7ed4aa677df52a4415f8c75a3f09e,linked_pdf_candidate_not_yet_screened,"3 Oplegnotitie Open Standaarden, lijsten Vergadering: Forum Standaardisatie woensdag 14 juni 2023 Agendapunt: 3 Documentnummer: FS-20230614.3 Aan: Forum Standaardisatie Van: Stuurgroep Open Standaarden Datum: Woensdag 14 juni 2023 Versie: 1.0 Bijlage: FS-20230614.3A-Forumadvies-Authenticatie-standaarden-NL-GOV- AP-OIDC",not_content_reviewed,linked_document_not_identical_to_parent_by_default,
D-S19-f919a0b642f3,S19,OpenAPI Specification,research/corpus/standards/S19-baaa5dc878.pdf,research/corpus/text/S19-baaa5dc878.txt,https://www.forumstandaardisatie.nl/sites/default/files/Downloads/Bijlagen%20OS/OpenAPI%20Specification/20180222-Expertadvies-Open-API-Specification-0.pdf,f919a0b642f3ee1c183f6da2f5be5813b3db7912627afc30fcd3b497e3423de7,linked_pdf_candidate_not_yet_screened,Forum Standaardisatie Expertadvies OpenAPI Specification 3.0 Datum 22 februari 2018 Expertadvies OAS 3.0| Forum Standaardisatie | 22 februari 2018 Colofon Projectnaam Expertadvies OAS 3.0 Versienummer V1.0 Organisatie Forum Standaardisatie Postbus 96810 2509 JE Den Haag forumstandaardisatie@logius.nl Auteur(s) Douwe Ho,not_content_reviewed,linked_document_not_identical_to_parent_by_default,
D-S19-8af5e54fe9f7,S19,OpenAPI Specification,research/corpus/standards/S19-9a7f7c3b6f.pdf,research/corpus/text/S19-9a7f7c3b6f.txt,https://www.forumstandaardisatie.nl/sites/default/files/Downloads/Bijlagen%20OS/OpenAPI%20Specification/20180401-Reacties-uit-openbare-consultatie-OAS-3.0.pdf,8af5e54fe9f78cadb366e7c841911b6fe6868bc425c8907acc6c66738e02c5a1,linked_pdf_candidate_not_yet_screened,Forum Standaardisatie Wilhelmina van Pruisenweg 52 2595 AN Den Haag Postbus 96810 2509 JE Den Haag www.forumstandaardisatie.nl Aan: Forum Standaardisatie Van: Bureau Forum Standaardisatie Datum: 2 april 2018 Versie 1.0 Betreft: Reactie openbare consultatieronde OpenApi Specification 3.0 (OAS) Bijlagen: 1. Reactie Geono,not_content_reviewed,linked_document_not_identical_to_parent_by_default,
D-S20-5198f92b65ff,S20,Digikoppeling,research/corpus/standards/S20-0e78ec93f1.pdf,research/corpus/text/S20-0e78ec93f1.txt,https://www.forumstandaardisatie.nl/sites/default/files/BFS/3-lijsten/standaarden/Digikoppeling/20251028-Aanvullend-onderzoek-Digikoppeling-met-Federated-Service-Connectivity-FSC.pdf,5198f92b65ffc213aad498dc7b3abded6a7a36e5469f083245853aed1c79a0ad,linked_pdf_candidate_not_yet_screened,Aanvullend onderzoek Digikoppeling met Federated Service Connectivity (FSC) Aan: Forum Standaardisatie Van: Innovalor Advies B.V. Datum: 28 oktober 2025 Versie: 1.0 Bijlagen: geen 1 Advies De experts die betrokken waren bij het aanvullend onderzoek adviseren om – gebaseerd op de vragen in dit aanvullend onderzoek - de ,not_content_reviewed,linked_document_not_identical_to_parent_by_default,
D-S20-fa85a9e4506b,S20,Digikoppeling,research/corpus/standards/S20-985cf4a524.pdf,research/corpus/text/S20-985cf4a524.txt,https://www.forumstandaardisatie.nl/sites/default/files/BFS/3-lijsten/standaarden/Digikoppeling/20260513-Versiewijziging-Digikoppeling-naar-versie-release-21-april-2026-Uitstekend-beheer.pdf,fa85a9e4506b05fe0e542ca5e251a0a24e0df957ee97a958dbd2b68218f5996e,linked_pdf_candidate_not_yet_screened,Versiewijziging Digikoppeling onder Uitstekend beheer Datum: 13 mei 2026 Versie: 1.0 Bijlagen: geen 1 Samenvatting Het Overheidsbrede Overleg Digitale Overheid (OBDO) blijft Digikoppeling in de nieuwe versie release 21 april 2026 verplichten aan de overheid (‘Pas toe of leg uit’). In de rest van dit document wordt deze,not_content_reviewed,linked_document_not_identical_to_parent_by_default,
D-S21-c78eb94cfc64,S21,Federated Service Connectivity (FSC),research/corpus/standards/S21-50a714a36b.pdf,research/corpus/text/S21-50a714a36b.txt,https://gitdocumentatie.logius.nl/publicatie/fsc/core/2.0.0/fsc-core-2.0.0.pdf,c78eb94cfc6415bea5933208974741f62850fc0c57af8bb80b2583b4b1cc155c,linked_pdf_candidate_not_yet_screened,"FSC - Core 2.0.0 Logius Standard - Definitive version Logius Standard Definitive version April 21, 2026 This version: https://gitdocumentatie.logius.nl/publicatie/fsc/core/2.0.0/ Latest published version: https://gitdocumentatie.logius.nl/publicatie/fsc/core/ Latest editor's draft: https://logius-standaarden.github.io/",not_content_reviewed,linked_document_not_identical_to_parent_by_default,
D-S21-5198f92b65ff,S21,Federated Service Connectivity (FSC),research/corpus/standards/S21-0e78ec93f1.pdf,research/corpus/text/S21-0e78ec93f1.txt,https://www.forumstandaardisatie.nl/sites/default/files/BFS/3-lijsten/standaarden/Digikoppeling/20251028-Aanvullend-onderzoek-Digikoppeling-met-Federated-Service-Connectivity-FSC.pdf,5198f92b65ffc213aad498dc7b3abded6a7a36e5469f083245853aed1c79a0ad,linked_pdf_candidate_not_yet_screened,Aanvullend onderzoek Digikoppeling met Federated Service Connectivity (FSC) Aan: Forum Standaardisatie Van: Innovalor Advies B.V. Datum: 28 oktober 2025 Versie: 1.0 Bijlagen: geen 1 Advies De experts die betrokken waren bij het aanvullend onderzoek adviseren om – gebaseerd op de vragen in dit aanvullend onderzoek - de ,not_content_reviewed,linked_document_not_identical_to_parent_by_default,
D-S21-fa85a9e4506b,S21,Federated Service Connectivity (FSC),research/corpus/standards/S21-985cf4a524.pdf,research/corpus/text/S21-985cf4a524.txt,https://www.forumstandaardisatie.nl/sites/default/files/BFS/3-lijsten/standaarden/Digikoppeling/20260513-Versiewijziging-Digikoppeling-naar-versie-release-21-april-2026-Uitstekend-beheer.pdf,fa85a9e4506b05fe0e542ca5e251a0a24e0df957ee97a958dbd2b68218f5996e,linked_pdf_candidate_not_yet_screened,Versiewijziging Digikoppeling onder Uitstekend beheer Datum: 13 mei 2026 Versie: 1.0 Bijlagen: geen 1 Samenvatting Het Overheidsbrede Overleg Digitale Overheid (OBDO) blijft Digikoppeling in de nieuwe versie release 21 april 2026 verplichten aan de overheid (‘Pas toe of leg uit’). In de rest van dit document wordt deze,not_content_reviewed,linked_document_not_identical_to_parent_by_default,
D-S22-d1d5d3aef189,S22,NL GOV profile for CloudEvents,research/corpus/standards/S22-fd2dc91916.pdf,research/corpus/text/S22-fd2dc91916.txt,https://gitdocumentatie.logius.nl/publicatie/notificatieservices/cloudevents-nl/1.1/notificatieservices-cloudevents-nl-1.1.pdf,d1d5d3aef189a20fa017d9a230a59a3ad12b147e4a104dbc605abe01cb754b8b,linked_pdf_candidate_not_yet_screened,"NL GOV profile for CloudEvents 1.1 Logius Standard - Definitive version Notificatieservices Logius Standard Definitive version March 17, 2026 This version: https://gitdocumentatie.logius.nl/publicatie/notificatieservices/cloudevents-nl/1.1/ Latest published version: https://gitdocumentatie.logius.nl/publicatie/notifica",not_content_reviewed,linked_document_not_identical_to_parent_by_default,
D-S22-74e09099dd2f,S22,NL GOV profile for CloudEvents,research/corpus/standards/S22-c79435ac13.pdf,research/corpus/text/S22-c79435ac13.txt,https://www.forumstandaardisatie.nl/sites/default/files/BFS/3-lijsten/standaarden/cloudevents/20241204-intakeadvies-NL-GOV-profile-for-CloudEvents.pdf,74e09099dd2f1669f254b23ca8645ce8cd1f8701e883e0c659b803c426d87325,linked_pdf_candidate_not_yet_screened,Intakeadvies NL GOV profile for CloudEvents verplichten aan de overheid Vergadering: Forum Standaardisatie 4 december 2024 Agendapunt: 3A Documentnummer: FS-20241204.3A Aan: Forum Standaardisatie Van: Stuurgroep Open Standaarden Datum: 14 november 2024 Versie: 1.0 Bijlagen: geen Rechten: CC0 publieke domeinverklaring 1,not_content_reviewed,linked_document_not_identical_to_parent_by_default,
D-S22-a8acb1db71ae,S22,NL GOV profile for CloudEvents,research/corpus/standards/S22-4a145941bf.pdf,research/corpus/text/S22-4a145941bf.txt,https://www.forumstandaardisatie.nl/sites/default/files/BFS/3-lijsten/standaarden/cloudevents/20250619-Expertadvies-NL-GOV-profile-for-CloudEvents.pdf,a8acb1db71ae2f243a8b161953beeae3f3ffe2e53aea60ee5744110f31402d71,linked_pdf_candidate_not_yet_screened,Expertadvies NL GOV profile for CloudEvents Aan: Forum Standaardisatie Van: InnoValor Advies Datum: 19 juni 2025 Versie: 1.0 Bijlagen: - 1 Advies De experts die betrokken waren bij het expertonderzoek adviseren om NL GOV profile for CloudEvents op te nemen op de ‘Pas toe of leg uit’-lijst van het Forum Standaardisatie.,not_content_reviewed,linked_document_not_identical_to_parent_by_default,
D-S22-f75dbe93de63,S22,NL GOV profile for CloudEvents,research/corpus/standards/S22-b9b4ba3a84.pdf,research/corpus/text/S22-b9b4ba3a84.txt,https://www.forumstandaardisatie.nl/sites/default/files/BFS/3-lijsten/standaarden/cloudevents/20250815-verslag-reacties-consultatie-NL-GOV-profile-for-CloudEvents.pdf,f75dbe93de631e1d8a381636e1bc7e355b94b3a52e749a5737ef91a534f5fca5,linked_pdf_candidate_not_yet_screened,Verslag reacties consultatie NL GOV profile for CloudEvents verplichten (standaard voor betere gegevensuitwisseling) Aan: Forum Standaardisatie Van: Bureau Forum Standaardisatie Datum: 15 augustus 2025 Versie: 1.0 Bijlage: n.v.t. 1. Inleiding Dit verslag bevat de openbare reacties uit de openbare consultatie NL GOV pro,not_content_reviewed,linked_document_not_identical_to_parent_by_default,
D-S23-aa99f7bc364c,S23,BOMOS,research/corpus/standards/S23-24398fa326.pdf,research/corpus/text/S23-24398fa326.txt,https://gitdocumentatie.logius.nl/publicatie/bomos/fundament/3.0.2/bomos-fundament-3.0.2.pdf,aa99f7bc364cb906cb75f0658428c0b50da0abab29a33e328cddda53a545e2b9,linked_pdf_candidate_not_yet_screened,"BOMOS, het fundament 3.0.2 Logius Handreiking - Vastgestelde versie Logius Handreiking Vastgestelde versie 02 november 2023 Deze versie: https://gitdocumentatie.logius.nl/publicatie/bomos/fundament/3.0.2/ Laatst gepubliceerde versie: https://gitdocumentatie.logius.nl/publicatie/bomos/fundament/ Laatste werkversie: http",not_content_reviewed,linked_document_not_identical_to_parent_by_default,
D-S24-82efc2200f4f,S24,MDTO,research/corpus/standards/S24-da90555eb3.pdf,research/corpus/text/S24-da90555eb3.txt,https://www.forumstandaardisatie.nl/sites/default/files/BFS/3-lijsten/standaarden/mdto/20251210-Forumadvies-MDTO.pdf,82efc2200f4f999714727730ad1f54f5efbf19c8b964ca8fea6c896f6a2cff28,linked_pdf_candidate_not_yet_screened,Forumadvies MDTO Vergadering: Forum Standaardisatie woensdag 10 december 2025 Agendapunt: 3A Documentnummer: 3A Aan: Forum Standaardisatie Van: Stuurgroep Open Standaarden Datum: 28 november 2025 Bijlagen: Intakadvies MDTO Expertadvies MDTO Verslag reactie(s) internetconsultatie MDTO Rechten CC0 publieke domein verklar,not_content_reviewed,linked_document_not_identical_to_parent_by_default,
D-S24-b7a62a828c28,S24,MDTO,research/corpus/standards/S24-e28a29fa03.pdf,research/corpus/text/S24-e28a29fa03.txt,https://www.forumstandaardisatie.nl/sites/default/files/BFS/3-lijsten/standaarden/tooi/20251210-Forumadvies-TOOI.pdf,b7a62a828c28b144772ea9e3b5b4a56ccc39948b4c65a032a41ebf6e5a4acd24,linked_pdf_candidate_not_yet_screened,Forumadvies TOOI Vergadering: Forum Standaardisatie 10 december 2025 Agendapunt: 3B Documentnummer: 3B Aan: Forum Standaardisatie Van: Stuurgroep Open Standaarden Datum: 28 november 2025 Bijlagen: Intakadvies TOOI Expertadvies TOOI Consultatieverslag TOOI Rechten CC0 publieke domein verklaring 1 Advies Het Forum Standa,not_content_reviewed,linked_document_not_identical_to_parent_by_default,
D-S24-d32ff8651c19,S24,MDTO,research/corpus/standards/S24-dca51b05ac.pdf,research/corpus/text/S24-dca51b05ac.txt,https://www.forumstandaardisatie.nl/sites/default/files/BFS/3-lijsten/standaarden/mdto/20240920-intakeadvies-MDTO.pdf,d32ff8651c19e79b54e8e5acaf7e41e94cbd70ffa7d713dbf853aecd89bc21c9,linked_pdf_candidate_not_yet_screened,Intakeadvies MDTO Vergadering: Forum Standaardisatie 2 oktober 2024 Agendapunt: 3C Documentnummer: FS-20241002.3C Aan: Forum Standaardisatie Van: Stuurgroep Open Standaarden Datum: 20 september 2024 Versie: 1.0 Bijlagen: Relatie MDTO en TOOI Rechten: CC0 publieke domein verklaring 1 Samenvatting en advies De Stuurgroep,not_content_reviewed,linked_document_not_identical_to_parent_by_default,
D-S25-f7cd8bf30d05,S25,Twaalf eisen basisregistraties,research/corpus/standards/S25-14a60ab585.pdf,research/corpus/text/S25-14a60ab585.txt,https://zoek.officielebekendmakingen.nl/kst-26387-18.pdf,f7cd8bf30d05552a1a12d3c3449858180ab53068488f1e21bd9cf6549e01abd2,linked_pdf_candidate_not_yet_screened,"Tweede Kamer der Staten-Generaal 2 Vergaderjaar 2002–2003 26 387 Actieprogramma Elektronische Overheid Nr. 18 BRIEF VAN DE MINISTERS VAN BINNENLANDSE ZAKEN EN KONINKRIJKSRELATIES EN VAN VOLKSHUISVESTING, RUIMTE- LIJKE ORDENING EN MILIEUBEHEER EN DE STAATSSECRETARIS VAN ECONOMISCHE ZAKEN Aan de Voorzitter van de Tweede ",not_content_reviewed,linked_document_not_identical_to_parent_by_default,
D-S30-34984475fcaa,S30,OWL,research/corpus/standards/S30-dbe743d6a1.pdf,research/corpus/text/S30-dbe743d6a1.txt,https://www.w3.org/2012/pdf/REC-owl2-overview-20121211.pdf,34984475fcaa5b5e8b7a71694853769ae3482ef0623afa315ba65bd20788d1ac,linked_pdf_candidate_not_yet_screened,OWL 2 Web Ontology Language Document Overview (Second Edition) W3C Recommendation 11 December 2012 OWL 2 Web Ontology Language Document Overview (Second Edition) W3C Recommendation 11 December 2012 This version: http://www.w3.org/TR/2012/REC-owl2-overview-20121211/ Latest version (series 2): http://www.w3.org/TR/owl2-o,not_content_reviewed,linked_document_not_identical_to_parent_by_default,
D-S31-1950ec727756,S31,SKOS,research/corpus/standards/S31-7aa218897e.pdf,research/corpus/text/S31-7aa218897e.txt,https://www.forumstandaardisatie.nl/sites/default/files/FS/2017/0419/FS-20170419.02D-Advies-verduidelijking-toepassingsgebieden-v1-0.pdf,1950ec727756f91467f1d2148269479fb7da528a114959d54eca8e6a621be792,linked_pdf_candidate_not_yet_screened,FS-20170419.02D VERDUIDELIJKING FUNCTIONEEL TOEPASSINGSGEBIEDEN Eindrapport FS-20170419.02D VERDUIDELIJKING FUNCTIONEEL TOEPASSINGSGEBIEDEN Eindrapport Rick van Rooijen DATUM 7 april 2017 STATUS Definitief VERSIE 1.0 PROJECTNUMMER 20163239OUFTVS INTERNE TOETS Jasmijn Wijn 2/53 FS-20170419.02D FS 170419.2D INHOUDSOPGAVE,not_content_reviewed,linked_document_not_identical_to_parent_by_default,
D-S31-c42da1ccfa1c,S31,SKOS,research/corpus/standards/S31-09b705c8a9.pdf,research/corpus/text/S31-09b705c8a9.txt,https://www.forumstandaardisatie.nl/sites/default/files/Downloads/Bijlagen%20OS/SKOS/Aanmelding_SKOS.pdf,c42da1ccfa1caa2c1a33d638268302863765be5389865c8230eb09290d4c601b,linked_pdf_candidate_not_yet_screened,Aanmelding van een nieuwe standaard voor de ‘pas toe of leg uit’-lijst Voor dit type aanmelding geldt dat alle criteria van toepassing zijn en alle vragen beantwoord dienen te worden. U wordt als eerst gevraagd uw persoonsgegevens en de basisinformatie van de standaard te geven. Vervolgens dienen de criteriavragen bean,not_content_reviewed,linked_document_not_identical_to_parent_by_default,
D-S31-5d867123e417,S31,SKOS,research/corpus/standards/S31-497e932721.pdf,research/corpus/text/S31-497e932721.txt,https://www.forumstandaardisatie.nl/sites/default/files/Downloads/Bijlagen%20OS/SKOS/Advies-Nationaal-Beraad-SKOS.pdf,5d867123e417b927cc9387ef68d481a8bd0f9ee66a28350ba926f7e7e0e3f0c8,linked_pdf_candidate_not_yet_screened,"Agenda Contactpersoon Hans van der Stelt Hans.stelt@digicommissaris.nl Betreft Tel.nr. 06 21 80 22 58 Agenda Nationaal Beraad Digitale Overheid Datum Vergaderdatum en -tijd 07-05-2015 18 mei 2015, 15.00-17.00 uur. Kenmerk Locatie 2015-0000256645 CAOP, Lange Voorhout 13, Den Haag. Kees Barnhoornzaal Bijlagen 12 1. Openi",not_content_reviewed,linked_document_not_identical_to_parent_by_default,
D-S34-a8288cbe6692,S34,DQV,research/corpus/standards/S34-548f7b8f1f.pdf,research/corpus/text/S34-548f7b8f1f.txt,http://ceur-ws.org/Vol-1184/ldow2014_paper_09.pdf,a8288cbe66925453e60694f92ed0c96537382a4a5693c9d832e7b63b85111b9a,linked_pdf_candidate_not_yet_screened,"daQ, an Ontology for Dataset Quality Information Jeremy Debattista Christoph Lange Sören Auer University of Bonn / University of Bonn / University of Bonn / Fraunhofer IAIS, Germany Fraunhofer IAIS, Germany Fraunhofer IAIS, Germany name.surname@iais- math.semantic.web auer@cs.uni-bonn.de extern.fraunhofer.de @gmail.com",not_content_reviewed,linked_document_not_identical_to_parent_by_default,
D-S34-e7d71b26459d,S34,DQV,research/corpus/standards/S34-f1caec08f5.pdf,research/corpus/text/S34-f1caec08f5.txt,http://ceur-ws.org/Vol-1376/LDQ2015_paper_01.pdf,e7d71b26459d5b9912a1ae3185d4a8db4ff5eac1e04a28ef1fec3734abfff24c,linked_pdf_candidate_not_yet_screened,"A linkset quality metric measuring multilingual gain in SKOS Thesauri Riccardo Albertoni, Monica De Martino, and Paola Podestà Istituto di Matematica Applicata e Tecnologie Informatiche Consiglio Nazionale delle Ricerche, Via De Marini, 6, 16149 Genova, Italy {albertoni,demartino,podesta}@ge.imati.cnr.it Abstract. Lin",not_content_reviewed,linked_document_not_identical_to_parent_by_default,
D-S37-4b4a92769afb,S37,OWL-Time,research/corpus/standards/S37-af6f73b249.pdf,research/corpus/text/S37-af6f73b249.txt,http://nvlpubs.nist.gov/nistpubs/jres/109/2/j92cur.pdf,4b4a92769afbe16179d968c9da8599cc48ae1bf250e385e20ab3f3e19eff5c1b,linked_pdf_candidate_not_yet_screened,"Volume 109, Number 2, March-April 2004 Journal of Research of the National Institute of Standards and Technology J. Res. Natl. Inst. Stand. Technol. 109, 185-217 (2004)] The Remarkable Metrological History of Radiocarbon Dating [II] Volume 109 Number 2 March-April 2004 Lloyd A. Currie This article traces the metrologic",not_content_reviewed,linked_document_not_identical_to_parent_by_default,
D-S44-e0c3b548d681,S44,SEMIC Core Vocabularies,research/corpus/standards/S44-a30af85bb2.pdf,research/corpus/text/S44-a30af85bb2.txt,https://docs.swedenconnect.se/technical-framework/mirror/eidas/eIDAS_SAML_Attribute_Profile_v1.2-FINAL.pdf#page=5,e0c3b548d6811ab0d3113dbcde33f0edffa848dae72d7f83fa56284a6053322c,linked_pdf_candidate_not_yet_screened,"eIDAS SAML Attribute Profile eIDAS Technical Sub-group, 21 May 2019 Document identifier: eidas/Profiles/SAML/Attributes Editors: Adam Cooper, Cabinet Office UK Herbert Leitold, A-SIT Guruprasad Chandramouli, Cabinet Office UK Abstract: This specification defines the SAML attributes to be used for the assertion of natur",not_content_reviewed,linked_document_not_identical_to_parent_by_default,
D-S44-c53d7f7d39b5,S44,SEMIC Core Vocabularies,research/corpus/standards/S44-5f6b4c1788.html,research/corpus/text/S44-5f6b4c1788.txt,https://www.oecd.org/gov/48250728.pdf,c53d7f7d39b54ba8bb2e169586eafd49ababe7a6e043c4f4815982d9b66f434c,linked_pdf_candidate_not_yet_screened,"GOV | OECD Skip to main content OECD Topics Featured topics Agriculture and fisheries Climate change Development Digital Economy Education and skills Employment Environment Finance and investment Governance Health Industry, business and entrepreneurship Regional, rural and urban development Science, technology and inno",not_content_reviewed,linked_document_not_identical_to_parent_by_default,
D-S45-64d0665121f4,S45,DCAT-AP,research/corpus/standards/S45-b7032f81eb.pdf,research/corpus/text/S45-b7032f81eb.txt,https://interoperable-europe.ec.europa.eu/sites/default/files/event/attachment/2025-03/20250204%20Meeting%20Minutes%20webinar%20on%20DCAT-AP_1.pdf,64d0665121f4892f11fceaff4494a21ec1e6fcb8dc1720b452ddb0d2390b5aef,linked_pdf_candidate_not_yet_screened,Meeting Minutes: Webinar on DCAT-AP (SEMIC - 04.02) Project: SEMIC Date and Time: 04/02/2025 10:00 - 12:00 Meeting Type: Webinar Location: Virtual Coordinators: Pavlina Fragkou Issue Date: 05/03/2025 Emiel Dhondt Agenda of the webinar 13:00 - 13:05 Introduction Slides 2-9 13:05 - 13:10 Codelists Slides 10 - 37 13:10 - ,not_content_reviewed,linked_document_not_identical_to_parent_by_default,
D-S45-822a1c1d960d,S45,DCAT-AP,research/corpus/standards/S45-02e4c77c15.pdf,research/corpus/text/S45-02e4c77c15.txt,https://interoperable-europe.ec.europa.eu/sites/default/files/event/attachment/2025-03/Webinar%20DCAT-AP%2020250204%20v1.0.pdf,822a1c1d960d4dc15cd8170edfa154e54c69eacf4b65819fef031e95ae6b0c33,linked_pdf_candidate_not_yet_screened,04 FEBRUARY 2025 Webinar on DCAT-AP 01 We l c o m e 02 S t a t u s D C AT - A P 03 E x p e c te d u s e o f c o n t ro l l e d v o c a b u l a r i e s Agenda 04 A l i g n m e n t i s s u e s w i t h G e o D C AT - A P 05 Open issues 06 H a n d l i n g c h a n ge s i n e x te r n a l v o c a b u l a r i e s 07 Wra p u p,not_content_reviewed,linked_document_not_identical_to_parent_by_default,
D-S45-bd43c6f9a25a,S45,DCAT-AP,research/corpus/standards/S45-4bd0aa76af.pdf,research/corpus/text/S45-4bd0aa76af.txt,http://www.oclc.org/content/dam/oclc/dewey/versions/print/intro.pdf,bd43c6f9a25a22aa4b07ac8bfa622847a729df3789ec7c347f6d515af404f57b,linked_pdf_candidate_not_yet_screened,Introduction to the Dewey Decimal Classification About the Introduction 1.1 This Introduction explains the basic principles and structure of the Dewey Decimal Classification (DDC) system. 1.2 The Introduction is intended to be used in conjunction with the Glossary and the Manual. The Glossary defines terms used in the ,not_content_reviewed,linked_background_document,Buiten kern-MDM-selectie; niet als DCAT-AP-tekst behandelen.
D-S46-cdddd9f4808f,S46,FAIR-principes,research/corpus/standards/S46-04815b51c3.pdf,research/corpus/text/S46-04815b51c3.txt,https://www.nature.com/articles/sdata201618.pdf,cdddd9f4808f7e3e1f013139c3915ef4d7cdccb008fa947ef5f72b4c7b6ffde7,linked_pdf_candidate_not_yet_screened,www.nature.com/scientificdata Amended: Addendum OPEN Comment: The FAIR Guiding SUBJECT CATEGORIES » Research data Principles for scientiﬁc data » Publication characteristics management and stewardship Mark D. Wilkinson et al.# There is an urgent need to improve the infrastructure supporting the reuse of scholarly data.,not_content_reviewed,linked_document_not_identical_to_parent_by_default,
D-S49-c310bf202a34,S49,Catalogus BAG 2018,research/corpus/standards/S49-9103689552.pdf,research/corpus/text/S49-9103689552.txt,https://www.geobasisregistraties.nl/site/binaries/site-content/collections/documents/2018/03/12/catalogus-2018/Catalogus-BAG-2018.pdf,c310bf202a34e5df287789748874857857c8fb6138bddb586b5b55ecd96bc525,linked_pdf_candidate_not_yet_screened,"Ministerie van Binnenlandse Zaken en Koninkrijksrelaties Catalogus Basisregistratie Adressen en Gebouwen 2018 Catalogus BAG 2018 Colofon Dit is een uitgave van Ministerie van Binnenlandse Zaken en Koninkrijksrelaties, Directoraat-generaal Bestuur, Ruimte en Wonen, Directie Ruimtelijke Ordening Turfmarkt 147, 's-Gravenh",not_content_reviewed,linked_document_not_identical_to_parent_by_default,
D-L05-97750d549f43,L05,Toward a functional reference model for master data quality management,research/corpus/papers/L05-6d51c298a0.html,research/corpus/text/L05-6d51c298a0.txt,https://link.springer.com/content/pdf/10.1007/s10257-011-0178-0.pdf,97750d549f43673d0e081161cd21b9d2f68fdaeb4c0a4d4f6e4d5a051b005a91,linked_pdf_candidate_not_yet_screened,Toward a functional reference model for master data quality management | Information Systems and e-Business Management | Springer Nature Link Skip to main content Log in Menu Find a journal Publish with us Track your research Search Saved research Cart Home Information Systems and e-Business Management Article Toward a,not_content_reviewed,linked_document_not_identical_to_parent_by_default,
D-L11-cdddd9f4808f,L11,The FAIR Guiding Principles for scientific data management and stewardship,research/corpus/papers/L11-04815b51c3.pdf,research/corpus/text/L11-04815b51c3.txt,https://www.nature.com/articles/sdata201618.pdf,cdddd9f4808f7e3e1f013139c3915ef4d7cdccb008fa947ef5f72b4c7b6ffde7,linked_pdf_candidate_not_yet_screened,www.nature.com/scientificdata Amended: Addendum OPEN Comment: The FAIR Guiding SUBJECT CATEGORIES » Research data Principles for scientiﬁc data » Publication characteristics management and stewardship Mark D. Wilkinson et al.# There is an urgent need to improve the infrastructure supporting the reuse of scholarly data.,geselecteerde passage; geen integrale bronvalidatie,linked_document_not_identical_to_parent_by_default,FAIR-principes en machine-actionability
D-L12-cbaf51a1213c,L12,"Data products, data mesh, and data fabric: New paradigm(s) for data and analytics?",research/corpus/papers/L12-296d8d70e7.pdf,research/corpus/text/L12-296d8d70e7.txt,https://link.springer.com/content/pdf/10.1007/s12599-024-00876-5.pdf,cbaf51a1213c491cf66e6a54d79a2ebd26e5a6671d02fa6b75341bf2da51a053,linked_pdf_candidate_not_yet_screened,"Bus Inf Syst Eng 66(5):643–652 (2024) https://doi.org/10.1007/s12599-024-00876-5 CATCHWORD Data products, data mesh, and data fabric New paradigm(s) for data and analytics? Ivo Blohm • Felix Wortmann • Christine Legner • Felix Köbler Received: 19 June 2023 / Accepted: 19 April 2024 / Published online: 5 June 2024  Th",geselecteerde passage; geen integrale bronvalidatie,linked_document_not_identical_to_parent_by_default,"Definities en vergelijking, tabel 1"
D-L16-af0fcf903aa0,L16,Retrieval-Augmented Generation for Knowledge-Intensive NLP Tasks,research/corpus/papers/L16-5e2e785f15.pdf,research/corpus/text/L16-5e2e785f15.txt,https://proceedings.neurips.cc/paper_files/paper/2020/file/6b493230205f780e1bc26945df7481e5-AuthorFeedback.pdf,af0fcf903aa006b4d0b6bf7e79f896745203c402569f43714f79730d3fab3b58,linked_pdf_candidate_not_yet_screened,"1 NeurIPS Rebuttal for “Retrieval-Augmented Generation for Knowledge-Intensive NLP Tasks"" 2 We thank reviewers for their thoughtful, detailed reviews. We shall discuss three common themes, before addressing 3 individual comments. 4 Novelty of retrieval-augmentation (R1, R2, R4) “information retrieval strategy to improv",not_content_reviewed,linked_document_not_identical_to_parent_by_default,
D-L19-b2b509f96c48,L19,A Data Quality Model for Master Data Repositories,research/corpus/papers/L19-a9de6de4c9.pdf,research/corpus/text/L19-a9de6de4c9.txt,https://informatica.vu.lt/journal/INFORMATICA/article/1311/file/pdf,b2b509f96c48a2545d64c49fee1ede75d189e9c093fd3c572ae27caba04e975a,linked_pdf_candidate_not_yet_screened,"INFORMATICA, 2023, Vol. 34, No. 4, 795–824 795 © 2023 Vilnius University DOI: https://doi.org/10.15388/23-INFOR534 A Data Quality Model for Master Data Repositories Fernando GUALO1,2 , Ismael CABALLERO2,∗ , Moisés RODRÍGUEZ3 , Mario PIATTINI2 1 DQTeam, Camino de Moledores s/n, 13071, Ciudad Real Spain 2 University of C",geselecteerde passage; geen integrale bronvalidatie,linked_document_not_identical_to_parent_by_default,"§2, tabellen 1–3 en model-/meetbeschrijving"
D-B06-eb88b4d4d99b,B06,An Introduction to Ontology Engineering,research/corpus/books/B06-91ada3dd8d.pdf,research/corpus/text/B06-91ada3dd8d.txt,https://people.cs.uct.ac.za/~mkeet/files/OEbookV1.pdf,eb88b4d4d99b367dda8dedefb76ffbc99d149c6b41443bbdc8bd88064a8ae2d9,linked_pdf_candidate_not_yet_screened,"An Introduction to Ontology Engineering C. Maria Keet Version 1, 2018 An Introduction to Ontology Engineering C. Maria Keet Keywords: Ontology Engineering, Ontology, ontologies, Knowledge base, Descrip- tion Logics, OWL, Semantic Web, Ontology Development Copyright © 2018 by Maria Keet This work is licensed under a Cre",not_content_reviewed,linked_document_not_identical_to_parent_by_default,
D-B06-9c1ff5b09e7b,B06,An Introduction to Ontology Engineering,research/corpus/books/B06-7e4130ea74.pdf,research/corpus/text/B06-7e4130ea74.txt,https://people.cs.uct.ac.za/~mkeet/OEbook/OEWorkBook.pdf,9c1ff5b09e7bdeb80469b43c5ceec19700683774aa05b5db6afacef6dba9b17f,linked_pdf_candidate_not_yet_screened,!BIB program = biber Workbook to: An Introduction to Ontology Engineering version 1 of the workbook C. Maria Keet with Zola Mahlaza Copyright © 2025 C. Maria Keet and Zola Mahlaza Published by making it available Location: https://people.cs.uct.ac.za/~mkeet/OEbook/ Alternate location: http://www.meteck.org/teaching/OEb,not_content_reviewed,linked_document_not_identical_to_parent_by_default,
D-B07-cec3d28a1c15,B07,Knowledge Graphs,research/corpus/books/B07-36c77dd26b.pdf,research/corpus/text/B07-36c77dd26b.txt,http://ceur-ws.org/Vol-538/ldow2009_paper20.pdf,cec3d28a1c15794c75c513d805c3898a848336182a8f7bfca20189f7172da405,linked_pdf_candidate_not_yet_screened,"Describing Linked Datasets On the Design and Usage of voiD, the “Vocabulary Of Interlinked Datasets” ∗ † Keith Alexander Richard Cyganiak Talis Ltd. DERI, National University of Ireland, Galway ‡ § Michael Hausenblas Jun Zhao DERI, National University of Department of Zoology, Ireland, Galway University of Oxford ABSTR",identiteitscontrole; geen boekbewijs,linked_background_document,Describing Linked Datasets; niet Knowledge Graphs. Niet aangehaald als B07.
D-B07-4b98b5b4eb9a,B07,Knowledge Graphs,research/corpus/books/B07-f3f5c40b92.pdf,research/corpus/text/B07-f3f5c40b92.txt,http://ceur-ws.org/Vol-2369/paper01.pdf,4b98b5b4eb9a438ca24b8aba95e51b86dc3570cb026e0d06573d260c3d2bb42c,linked_pdf_candidate_not_yet_screened,"RDF and Property Graphs Interoperability: Status and Issues Renzo Angles1,2 , Harsh Thakkar3 , Dominik Tomaszuk4 1 Universidad de Talca, Chile 2 Millennium Institute for Foundational Research on Data, Chile 3 University of Bonn, Germany 4 University of Bialystok, Poland rangles@utalca.cl1 , thakkar@cs.uni-bonn.de3 , d.",not_content_reviewed,linked_document_not_identical_to_parent_by_default,
D-B07-f9450e9dcbf2,B07,Knowledge Graphs,research/corpus/books/B07-e6a972a29a.pdf,research/corpus/text/B07-e6a972a29a.txt,http://ceur-ws.org/Vol-2100/paper26.pdf,f9450e9dcbf2781ae7318bc3b5721a86848a7da76e97f02f5926e04df84bc84c,linked_pdf_candidate_not_yet_screened,"The Property Graph Database Model Renzo Angles 1 Dept. of Computer Science, Universidad de Talca, Chile 2 Center for Semantic Web Research Abstract. Most of the current graph database systems have been de- signed to support property graphs. Surprisingly, there is no standard specification of the database model behind s",not_content_reviewed,linked_document_not_identical_to_parent_by_default,
D-L24-f034f861fe3b,L24,"The Future of Data Management: A Delimitation of Data Platforms, Data Spaces, Data Meshes, and Data Fabrics",research/corpus/papers/L24-fc9d53d5bb.pdf,research/corpus/text/L24-fc9d53d5bb.txt,https://link.springer.com/content/pdf/10.1007/s10257-025-00707-4.pdf,f034f861fe3bb8397cb982f6c3ab1df9cd836f59a6bfe3820907926b201cd4ed,linked_pdf_candidate_not_yet_screened,"Information Systems and e-Business Management (2025) 23:971–997 https://doi.org/10.1007/s10257-025-00707-4 ORIGINAL ARTICLE The Future of Data Management: A Delimitation of Data Platforms, Data Spaces, DataMeshes, and Data Fabrics Anna Gieß1,2 · Andreas Hutterer3 Received: 9 September 2024 / Revised: 16 January 2025 / ",geselecteerde passage; geen integrale bronvalidatie,linked_document_not_identical_to_parent_by_default,Abstract en vergelijkingskader
D-L26-9f99453cf14f,L26,Mapping the evolution of data governance scientific research,research/corpus/papers/L26-1e4ac0ab5a.pdf,research/corpus/text/L26-1e4ac0ab5a.txt,https://pure.iiasa.ac.at/id/eprint/20795/1/mapping-the-evolution-of-data-governance-scientific-research.pdf,9f99453cf14fc6eafc1c899f5be4f3ce023629087e596d85b2985b78d8675ff1,linked_pdf_candidate_not_yet_screened,"Data & Policy (2025), 7: e51 doi:10.1017/dap.2025.10014 RESEARCH ARTICLE Mapping the evolution of data governance scientific research Hossein Hassani1 , Xu Huang2 and Steve MacFeely3 1 International Institute for Applied Systems Analysis (IIASA), Schlossplatz 1, A-2361 Laxenburg, Austria 2 Headington Campus, Oxford Bro",not_content_reviewed,linked_document_not_identical_to_parent_by_default,
D-M02-451bff05b317,M02,PRISMA-S: an extension to the PRISMA statement for reporting literature searches in systematic reviews,research/corpus/methods/M02-cd5c790244.html,research/corpus/text/M02-cd5c790244.txt,https://pmc.ncbi.nlm.nih.gov/articles/PMC8270366/pdf/jmla-109-2-174.pdf,451bff05b317e9fb9cae4525333b4e72bd90c34b068bbdba894f0c6d581932e2,linked_pdf_candidate_not_yet_screened,Preparing to download ... Preparing to download ... HHS Vulnerability Disclosure,not_content_reviewed,linked_document_not_identical_to_parent_by_default,
D-M02-078770be2f4d,M02,PRISMA-S: an extension to the PRISMA statement for reporting literature searches in systematic reviews,research/corpus/methods/M02-bf3b7b870d.pdf,research/corpus/text/M02-bf3b7b870d.txt,https://www.york.ac.uk/media/crd/Systematic_Reviews.pdf,078770be2f4d3dadba9083e54d15d24256e0b65b3166233c6babd99e5860bdca,linked_pdf_candidate_not_yet_screened,"CRD’s original guidance for undertaking systematic reviews was first published in 1996 and revised in 2001. The guidance is widely used, both nationally and internationally. The purpose of this third updated and expanded edition remains to provide practical guidance for undertaking systematic reviews evaluating the eff",not_content_reviewed,linked_document_not_identical_to_parent_by_default,
D-S01-e804eb66e905,S01,DAMA-DMBOK,research/corpus/standards/S01-441b472533.pdf,research/corpus/text/S01-441b472533.txt,https://growthzonecmsprodeastus.azureedge.net/sites/2326/2025/10/Books-Referenced-in-DMBoK-v2.pdf,e804eb66e9058c2a31cdff2693e3be28c0170d3c8d959b25ea9152fac8b64d2e,linked_pdf_candidate_not_yet_screened,"Publications >> Books Referenced in DMBoK v2 Click the categories below to explore books referenced in DAMA's DMBOK. 01 Data Management AUTHOR TITLE PUBLISHER YEAR Adelman, Sid, Larissa Moss, and Majid Data Strategy Addison-Wesley Professional. Print. 2005 Abai Aiken, Peter and Billings, Juanita Monetizing Data Managem",not_content_reviewed,linked_document_not_identical_to_parent_by_default,
D-F01-papercheck,F01,Pas toe of leg uit-standaarden (verplicht),research/corpus/standards/F01-paper-check-20260909.html,research/corpus/text/F01-paper-check-20260909.txt,https://www.forumstandaardisatie.nl/open-standaarden/verplicht,c2a69799034c8359f8e10b610c9e715e00a2f1b03aaa739dd7d78ed5b47ce32e,primary_document_supplement,Supplement paperfase,geselecteerde passage; geen integrale bronvalidatie,title_and_scope_checked,Lijsttabel; gecontroleerd 9 september 2026
D-F02-papercheck,F02,MIM: officiële standaardregistratie,research/corpus/standards/F02-paper-check-20260909.html,research/corpus/text/F02-paper-check-20260909.txt,https://www.forumstandaardisatie.nl/open-standaarden/mim,172b9065fdd535ce2383333ac9420cc996a2b7366c7caac549f01845ee922a04,primary_document_supplement,Supplement paperfase,geselecteerde passage; geen integrale bronvalidatie,title_and_scope_checked,Status en versie
D-F03-papercheck,F03,Standaarden in behandeling,research/corpus/standards/F03-paper-check-20260909.html,research/corpus/text/F03-paper-check-20260909.txt,https://www.forumstandaardisatie.nl/standaarden-in-behandeling,f19166cea841f32245a42ab258f0c3007ba6a3fc60c7fc712b1fc107bc0ffbed,primary_document_supplement,Supplement paperfase,geselecteerde passage; geen integrale bronvalidatie,title_and_scope_checked,Lijsttabel en versiewijzigingen
D-S42-papercheck,S42,Interoperable Europe Act,research/corpus/standards/S42-paper-check-20260909.html,research/corpus/text/S42-paper-check-20260909.txt,https://eur-lex.europa.eu/eli/reg/2024/903,d5d7ddb978f543ace4c91698076cd114b9608e40c6b8a09398788c9ed73131d3,primary_document_supplement,Supplement paperfase,geselecteerde passage; geen integrale bronvalidatie,title_and_scope_checked,Artikel 1–2
D-S43-papercheck,S43,European Interoperability Framework,research/corpus/standards/S43-paper-check-20260909.pdf,research/corpus/text/S43-paper-check-20260909.txt,https://ec.europa.eu/isa2/sites/default/files/eif_brochure_final.pdf,64e99921919e1e754f8a4bde0f2c15b1d7b86897803500945434eba20a07ac68,primary_document_supplement,Supplement paperfase,geselecteerde passage; geen integrale bronvalidatie,title_and_scope_checked,"§3, in het bijzonder §3.5"
