source_id,url,category,document_scope,discovered_from,retrieved_at,http_status,resolved_url,media_type,local_path,text_path,bytes,sha256,retrieval_status,review_status,error
S01,https://dama.org/dama-dmbok-revision/,standards,source_document_or_landing_page,repository:standards-matrix.csv:primaire_bron,2026-09-08T18:21:57.808862+00:00,200,https://dama.org/dama-dmbok-revision/,text/html,research/corpus/standards/S01-92c4ee1259.html,research/corpus/text/S01-92c4ee1259.txt,297258,b308dd4d4131c0369c82e328dc1e08f946e16fdbc0d2a3324640fd3f06070838,downloaded,not_content_reviewed,
S02,https://www.iso.org/standard/62392.html,standards,source_document_or_landing_page,repository:standards-matrix.csv:primaire_bron,2026-09-08T18:27:18.810722+00:00,,,,,,,,failed,not_content_reviewed,HTTP Error 403: Forbidden
S03,https://www.iso.org/standard/78501.html,standards,source_document_or_landing_page,repository:standards-matrix.csv:primaire_bron,2026-09-08T18:27:18.811630+00:00,,,,,,,,failed,not_content_reviewed,HTTP Error 403: Forbidden
S04,https://www.iso.org/standard/62393.html,standards,source_document_or_landing_page,repository:standards-matrix.csv:primaire_bron,2026-09-08T18:27:18.812080+00:00,,,,,,,,failed,not_content_reviewed,HTTP Error 403: Forbidden
S05,https://www.iso.org/standard/62394.html,standards,source_document_or_landing_page,repository:standards-matrix.csv:primaire_bron,2026-09-08T18:27:18.812596+00:00,200,https://www.iso.org/standard/62394.html,text/html;charset=UTF-8,research/corpus/standards/S05-c40aa13e1c.html,research/corpus/text/S05-c40aa13e1c.txt,84784,a06b7294e6ee5dd49071378b7805875475a29c6e196fe6266fa6031408bded59,downloaded,not_content_reviewed,
S06,https://www.iso.org/standard/62395.html,standards,source_document_or_landing_page,repository:standards-matrix.csv:primaire_bron,2026-09-08T18:27:18.813481+00:00,,,,,,,,failed,not_content_reviewed,HTTP Error 403: Forbidden
S07,https://www.iso.org/standard/78915.html,standards,source_document_or_landing_page,repository:standards-matrix.csv:primaire_bron,2026-09-08T18:27:18.814152+00:00,,,,,,,,failed,not_content_reviewed,HTTP Error 403: Forbidden
S08,https://www.iso.org/standard/78925.html,standards,source_document_or_landing_page,repository:standards-matrix.csv:primaire_bron,2026-09-08T18:27:18.814834+00:00,,,,,,,,failed,not_content_reviewed,HTTP Error 403: Forbidden
S09,https://www.iso.org/standard/81725.html,standards,source_document_or_landing_page,repository:standards-matrix.csv:primaire_bron,2026-09-08T18:27:18.815406+00:00,,,,,,,,failed,not_content_reviewed,HTTP Error 403: Forbidden
S10,https://www.iso.org/standard/78916.html,standards,source_document_or_landing_page,repository:standards-matrix.csv:primaire_bron,2026-09-08T18:27:18.915015+00:00,,,,,,,,failed,not_content_reviewed,HTTP Error 403: Forbidden
S11,https://www.iso.org/standard/79077.html,standards,source_document_or_landing_page,repository:standards-matrix.csv:primaire_bron,2026-09-08T18:27:18.917209+00:00,,,,,,,,failed,not_content_reviewed,HTTP Error 403: Forbidden
S12,https://www.iso.org/standard/35736.html,standards,source_document_or_landing_page,repository:standards-matrix.csv:primaire_bron,2026-09-08T18:27:18.919342+00:00,,,,,,,,failed,not_content_reviewed,HTTP Error 403: Forbidden
S13,https://docs.geostandaarden.nl/mim/def-st-mim-20240613/,standards,source_document_or_landing_page,repository:standards-matrix.csv:primaire_bron,2026-09-08T18:21:57.886897+00:00,200,https://docs.geostandaarden.nl/mim/def-st-mim-20240613/,text/html,research/corpus/standards/S13-44a53e9f27.html,research/corpus/text/S13-44a53e9f27.txt,964712,11e4a17a23decbdebe03c7ed7ece1faf669d3e0ba1761b1ed699547224bf8a1e,downloaded,not_content_reviewed,
S13,https://www.forumstandaardisatie.nl/open-standaarden/mim,standards,source_document_or_landing_page,repository:standards-matrix.csv:bron_lijststatus,2026-09-08T18:21:57.888766+00:00,200,https://www.forumstandaardisatie.nl/open-standaarden/mim,text/html; charset=UTF-8,research/corpus/standards/S13-9fb5474ffa.html,research/corpus/text/S13-9fb5474ffa.txt,48732,2260dd267880bdbcce3c9ab1d38f5382891229d4a807ae232dda59ad28afe795,downloaded,not_content_reviewed,
S14,https://docs.geostandaarden.nl/nl-sbb/def-st-nl-sbb-20241010/,standards,source_document_or_landing_page,repository:standards-matrix.csv:primaire_bron,2026-09-08T18:21:57.895437+00:00,200,https://docs.geostandaarden.nl/nl-sbb/def-st-nl-sbb-20241010/,text/html,research/corpus/standards/S14-3bf703b1c8.html,research/corpus/text/S14-3bf703b1c8.txt,333782,8c52ed1c898f8767ce014900a8545ad531c7c5ac048b3f3db9b871acaf6d825d,downloaded,not_content_reviewed,
S14,https://www.forumstandaardisatie.nl/open-standaarden/nl-sbb,standards,source_document_or_landing_page,repository:standards-matrix.csv:bron_lijststatus,2026-09-08T18:21:57.919012+00:00,200,https://www.forumstandaardisatie.nl/open-standaarden/nl-sbb,text/html; charset=UTF-8,research/corpus/standards/S14-ef2b0b6434.html,research/corpus/text/S14-ef2b0b6434.txt,62813,4213ced469ca6fc79e26a886c64db912241a6d4dc81d0877ae8e78ea91c3a5b8,downloaded,not_content_reviewed,
S15,https://standaarden.overheid.nl/tooi/downloads,standards,source_document_or_landing_page,repository:standards-matrix.csv:primaire_bron,2026-09-08T18:21:57.945669+00:00,200,https://standaarden.overheid.nl/tooi/downloads,text/html;charset=utf-8,research/corpus/standards/S15-7a2d372a2b.html,research/corpus/text/S15-7a2d372a2b.txt,47758,8bc1ac4d66048f72fb126beb3122989aa0ac7c335a491b2ca2dc949f5d1a3394,downloaded,not_content_reviewed,
S15,https://www.forumstandaardisatie.nl/open-standaarden/tooi,standards,source_document_or_landing_page,repository:standards-matrix.csv:bron_lijststatus,2026-09-08T18:21:57.956387+00:00,200,https://www.forumstandaardisatie.nl/open-standaarden/tooi,text/html; charset=UTF-8,research/corpus/standards/S15-bb3ae205a4.html,research/corpus/text/S15-bb3ae205a4.txt,35664,01027505b1db0bac8067b05be15efa3d72b4dae2a763fc7fb081793f892157d8,downloaded,not_content_reviewed,
S16,https://docs.geostandaarden.nl/dcat/def-st-dcat-ap-nl30-20250526/,standards,source_document_or_landing_page,repository:standards-matrix.csv:primaire_bron,2026-09-08T18:21:57.956977+00:00,200,https://docs.geostandaarden.nl/dcat/def-st-dcat-ap-nl30-20250526/,text/html,research/corpus/standards/S16-32b4d4f545.html,research/corpus/text/S16-32b4d4f545.txt,359176,b7a216fe034fdd779cf3bd1987f43bcdb6799efbd0f9bc37f09df8ad921461de,downloaded,not_content_reviewed,
S16,https://www.forumstandaardisatie.nl/open-standaarden/dcat-ap-nl,standards,source_document_or_landing_page,repository:standards-matrix.csv:bron_lijststatus,2026-09-08T18:21:58.053724+00:00,200,https://www.forumstandaardisatie.nl/open-standaarden/dcat-ap-nl,text/html; charset=UTF-8,research/corpus/standards/S16-f7d41bc345.html,research/corpus/text/S16-f7d41bc345.txt,34984,380383c13dfad9e3098d61834c5a00813037bc35b78af3cd04ff7148defab302,downloaded,not_content_reviewed,
S17,https://www.nen.nl/nen-3610-2022-nl-296137,standards,source_document_or_landing_page,repository:standards-matrix.csv:primaire_bron,2026-09-08T18:21:58.053851+00:00,200,https://www.nen.nl/nen-3610-2022-nl-296137,text/html; charset=UTF-8,research/corpus/standards/S17-b4076485a1.html,research/corpus/text/S17-b4076485a1.txt,143979,5c2a507af3ba2724ee0b891d433c6d6745f87c1d79de9b3aedeeff19ea85dca7,downloaded,not_content_reviewed,
S17,https://www.forumstandaardisatie.nl/open-standaarden/geo-standaarden,standards,source_document_or_landing_page,repository:standards-matrix.csv:bron_lijststatus,2026-09-08T18:21:58.054144+00:00,200,https://www.forumstandaardisatie.nl/open-standaarden/geo-standaarden,text/html; charset=UTF-8,research/corpus/standards/S17-9ed11c5494.html,research/corpus/text/S17-9ed11c5494.txt,74809,581a71be8a4e7fd3126361c679ddb165f0f5168253a2cfbf759357266ba9b603,downloaded,not_content_reviewed,
S18,https://gitdocumentatie.logius.nl/publicatie/api/adr/2.2.0/,standards,source_document_or_landing_page,repository:standards-matrix.csv:primaire_bron,2026-09-08T18:21:58.094633+00:00,200,https://gitdocumentatie.logius.nl/publicatie/api/adr/2.2.0/,text/html,research/corpus/standards/S18-3e8325d6c3.html,research/corpus/text/S18-3e8325d6c3.txt,225516,c62a46896a86bc98e659366f7721643b58a27e322ec473fb4695a5c66144cd5b,downloaded,not_content_reviewed,
S18,https://www.forumstandaardisatie.nl/open-standaarden/rest-api-design-rules,standards,source_document_or_landing_page,repository:standards-matrix.csv:bron_lijststatus,2026-09-08T18:21:58.113073+00:00,200,https://www.forumstandaardisatie.nl/open-standaarden/rest-api-design-rules,text/html; charset=UTF-8,research/corpus/standards/S18-9414610c52.html,research/corpus/text/S18-9414610c52.txt,62405,bdcd3ead4ec056410699205edf6e9e87578464761f3c7a41b8d03d8c6795c6db,downloaded,not_content_reviewed,
S19,https://spec.openapis.org/oas/v3.1.1.html,standards,source_document_or_landing_page,repository:standards-matrix.csv:primaire_bron,2026-09-08T18:21:58.161218+00:00,200,https://spec.openapis.org/oas/v3.1.1.html,text/html; charset=utf-8,research/corpus/standards/S19-cd0b345bb7.html,research/corpus/text/S19-cd0b345bb7.txt,574412,15fbd8e4e9ab6490d439f3e357afa8b0d43bfdabdbda12ae122034ef07fc3eff,downloaded,not_content_reviewed,
S19,https://www.forumstandaardisatie.nl/open-standaarden/openapi-specification,standards,source_document_or_landing_page,repository:standards-matrix.csv:bron_lijststatus,2026-09-08T18:21:58.167980+00:00,200,https://www.forumstandaardisatie.nl/open-standaarden/openapi-specification,text/html; charset=UTF-8,research/corpus/standards/S19-0e28aa1142.html,research/corpus/text/S19-0e28aa1142.txt,64636,27ea405b7d63892d7018320430410b360e278192e0fd6b630b48fa21ff1bab82,downloaded,not_content_reviewed,
S20,https://gitdocumentatie.logius.nl/publicatie/dk/restapi/,standards,source_document_or_landing_page,repository:standards-matrix.csv:primaire_bron,2026-09-08T18:21:58.180199+00:00,200,https://gitdocumentatie.logius.nl/publicatie/dk/restapi/,text/html,research/corpus/standards/S20-d8fdd20162.html,,344,da873351b76a4be2527a50f2e71ac10bb335cee99cfc7a2d63c95716e5d20b22,access_response,not_content_reviewed,Redirect/challenge page; not source content
S20,https://www.forumstandaardisatie.nl/open-standaarden/digikoppeling,standards,source_document_or_landing_page,repository:standards-matrix.csv:bron_lijststatus,2026-09-08T18:21:58.187487+00:00,200,https://www.forumstandaardisatie.nl/open-standaarden/digikoppeling,text/html; charset=UTF-8,research/corpus/standards/S20-4ba4744b73.html,research/corpus/text/S20-4ba4744b73.txt,62081,47cf463f7090efe47f049ee73f9735364c3d32b005c352239b31731dc4db9dd3,downloaded,not_content_reviewed,
S21,https://gitdocumentatie.logius.nl/publicatie/fsc/core/2.0.0/,standards,source_document_or_landing_page,repository:standards-matrix.csv:primaire_bron,2026-09-08T18:21:58.214738+00:00,200,https://gitdocumentatie.logius.nl/publicatie/fsc/core/2.0.0/,text/html,research/corpus/standards/S21-dfc3a246f5.html,research/corpus/text/S21-dfc3a246f5.txt,182421,68ce1f8fe311cac47b555bf796910027464f08739d8c8653291be91c3b3c23ed,downloaded,not_content_reviewed,
S21,https://www.forumstandaardisatie.nl/open-standaarden/digikoppeling,standards,source_document_or_landing_page,repository:standards-matrix.csv:bron_lijststatus,2026-09-08T18:21:58.229614+00:00,200,https://www.forumstandaardisatie.nl/open-standaarden/digikoppeling,text/html; charset=UTF-8,research/corpus/standards/S21-4ba4744b73.html,research/corpus/text/S21-4ba4744b73.txt,62081,d7668728fd7c4e96080ce0c6d8fa2310265acccb4b0dd4e3904ff562acf2e792,downloaded,not_content_reviewed,
S22,https://gitdocumentatie.logius.nl/publicatie/notificatieservices/cloudevents-nl/1.1/,standards,source_document_or_landing_page,repository:standards-matrix.csv:primaire_bron,2026-09-08T18:21:58.268714+00:00,200,https://gitdocumentatie.logius.nl/publicatie/notificatieservices/cloudevents-nl/1.1/,text/html,research/corpus/standards/S22-32a4f808ee.html,research/corpus/text/S22-32a4f808ee.txt,125320,6e60c5455656f0bcfc39737c27e30da53ee712cae314c6063137dbb0a09141dd,downloaded,not_content_reviewed,
S22,https://www.forumstandaardisatie.nl/open-standaarden/nl-gov-profile-cloudevents,standards,source_document_or_landing_page,repository:standards-matrix.csv:bron_lijststatus,2026-09-08T18:21:58.280835+00:00,200,https://www.forumstandaardisatie.nl/open-standaarden/nl-gov-profile-cloudevents,text/html; charset=UTF-8,research/corpus/standards/S22-9b6a836a6c.html,research/corpus/text/S22-9b6a836a6c.txt,35980,0de17d92efe61294a2f8df6a60f31b908c34cf53573ba73f8140f529144ae998,downloaded,not_content_reviewed,
S23,https://gitdocumentatie.logius.nl/publicatie/bomos/fundament/3.0.2/,standards,source_document_or_landing_page,repository:standards-matrix.csv:primaire_bron,2026-09-08T18:21:58.289875+00:00,200,https://gitdocumentatie.logius.nl/publicatie/bomos/fundament/3.0.2/,text/html,research/corpus/standards/S23-d518ecbcde.html,research/corpus/text/S23-d518ecbcde.txt,123172,bd092c45b478e3ca8908354d2e5c17afc7bdba0966b98b65dd536d6da2e9b6f3,downloaded,not_content_reviewed,
S24,https://www.nationaalarchief.nl/archiveren/mdto,standards,source_document_or_landing_page,repository:standards-matrix.csv:primaire_bron,2026-09-08T18:21:58.303355+00:00,200,https://www.nationaalarchief.nl/archiveren/mdto,text/html; charset=UTF-8,research/corpus/standards/S24-3678717fb9.html,research/corpus/text/S24-3678717fb9.txt,40592,9e2e3847a6aa5cf281936805ab5bfdad71b0aef3ee0fe6aa1a70d662425b9992,downloaded,not_content_reviewed,
S24,https://www.forumstandaardisatie.nl/open-standaarden/mdto,standards,source_document_or_landing_page,repository:standards-matrix.csv:bron_lijststatus,2026-09-08T18:21:58.330217+00:00,200,https://www.forumstandaardisatie.nl/open-standaarden/mdto,text/html; charset=UTF-8,research/corpus/standards/S24-569c75be53.html,research/corpus/text/S24-569c75be53.txt,36108,ae0dad13fc27a4aa5ccf11fc2ed31016d5a762e717e08ce6a235e03d63d55cf7,downloaded,not_content_reviewed,
S25,https://zoek.officielebekendmakingen.nl/kst-26387-18.html,standards,source_document_or_landing_page,repository:standards-matrix.csv:primaire_bron,2026-09-08T18:21:58.336069+00:00,200,https://zoek.officielebekendmakingen.nl/kst-26387-18.html,text/html; charset=utf-8,research/corpus/standards/S25-3a006d0362.html,research/corpus/text/S25-3a006d0362.txt,72541,754da6e1ec1ef1d6e7f4072afe7548a914e61eeef96760b047a5b0c919743fce,downloaded,not_content_reviewed,
S26,https://www.digitaleoverheid.nl/wp-content/uploads/sites/8/2021/07/Baseline-kwaliteitszorg-stelsel-van-basisregistraties2.pdf,standards,source_document_or_landing_page,repository:standards-matrix.csv:primaire_bron,2026-09-08T18:21:58.342644+00:00,200,https://www.digitaleoverheid.nl/wp-content/uploads/sites/8/2021/07/Baseline-kwaliteitszorg-stelsel-van-basisregistraties2.pdf,application/pdf,research/corpus/standards/S26-970830fa59.pdf,research/corpus/text/S26-970830fa59.txt,145398,73f7e4a959898b443acb6af1e4c7d05e3e8d2c51f3c9dcfa4019fdf6e386ca1b,downloaded,not_content_reviewed,
S27,https://federatief.datastelsel.nl/afspraken/afwegingskader/v1/,standards,source_document_or_landing_page,repository:standards-matrix.csv:primaire_bron,2026-09-08T18:21:58.351808+00:00,200,https://federatief.datastelsel.nl/afspraken/afwegingskader/v1/,text/html,research/corpus/standards/S27-63d6fcc8a2.html,research/corpus/text/S27-63d6fcc8a2.txt,61319,e13c99af499a4cde1eba2f9646200ab4dca0fe985240aaf3ec8324635642ed4e,downloaded,not_content_reviewed,
S28,https://www.w3.org/TR/rdf11-concepts/,standards,source_document_or_landing_page,repository:standards-matrix.csv:primaire_bron,2026-09-08T18:21:58.398065+00:00,200,https://www.w3.org/TR/rdf11-concepts/,text/html; charset=utf-8,research/corpus/standards/S28-d556ef4175.html,research/corpus/text/S28-d556ef4175.txt,120924,3838c992097f72ee8784b6c96194d9879f86f2e08f53ced5a05aa4031750c5ac,downloaded,not_content_reviewed,
S29,https://www.w3.org/TR/rdf-schema/,standards,source_document_or_landing_page,repository:standards-matrix.csv:primaire_bron,2026-09-08T18:21:58.427869+00:00,200,https://www.w3.org/TR/rdf-schema/,text/html; charset=utf-8,research/corpus/standards/S29-18b4f56c13.html,research/corpus/text/S29-18b4f56c13.txt,85439,9d4e0a945d43bebae090aec3776ae0ef83273498c0afa1bb3148df6ab3c24413,downloaded,not_content_reviewed,
S30,https://www.w3.org/TR/owl2-overview/,standards,source_document_or_landing_page,repository:standards-matrix.csv:primaire_bron,2026-09-08T18:21:58.429472+00:00,200,https://www.w3.org/TR/owl2-overview/,text/html; charset=utf-8,research/corpus/standards/S30-41eda32348.html,research/corpus/text/S30-41eda32348.txt,43840,d5d22b811eb348c845c5aa5aaa5c05448e61b63e3a8ee24b129075916d6115a5,downloaded,not_content_reviewed,
S31,https://www.w3.org/TR/skos-reference/,standards,source_document_or_landing_page,repository:standards-matrix.csv:primaire_bron,2026-09-08T18:21:58.435948+00:00,200,https://www.w3.org/TR/skos-reference/,text/html; charset=utf-8,research/corpus/standards/S31-0418c1562d.html,research/corpus/text/S31-0418c1562d.txt,227150,3aa00cd16ee4d86d3a19b75501bb317d0b0c134e1f4029e9f3098c4dd3669e4c,downloaded,not_content_reviewed,
S31,https://www.forumstandaardisatie.nl/open-standaarden/skos,standards,source_document_or_landing_page,repository:standards-matrix.csv:bron_lijststatus,2026-09-08T18:21:58.445159+00:00,200,https://www.forumstandaardisatie.nl/open-standaarden/skos,text/html; charset=UTF-8,research/corpus/standards/S31-9c35f586e4.html,research/corpus/text/S31-9c35f586e4.txt,67602,67951d120758586bc8ade44cffa032570ad6e45fcf166490ed7652614ab92e09,downloaded,not_content_reviewed,
S32,https://www.w3.org/TR/shacl/,standards,source_document_or_landing_page,repository:standards-matrix.csv:primaire_bron,2026-09-08T18:21:58.481962+00:00,200,https://www.w3.org/TR/shacl/,text/html; charset=utf-8,research/corpus/standards/S32-8c25f54d7f.html,research/corpus/text/S32-8c25f54d7f.txt,531275,ccca77caed771f42ea649c03d190b9c7ea0b82286c22c457b9edc8087c9ad0f8,downloaded,not_content_reviewed,
S33,https://www.w3.org/TR/prov-o/,standards,source_document_or_landing_page,repository:standards-matrix.csv:primaire_bron,2026-09-08T18:21:58.486548+00:00,200,https://www.w3.org/TR/prov-o/,text/html; charset=utf-8,research/corpus/standards/S33-6e48bcc4a0.html,research/corpus/text/S33-6e48bcc4a0.txt,464179,6b96671ab84faf12ce3f041aca12c3f93a6df2ed242348810743179a68e69555,downloaded,not_content_reviewed,
S34,https://www.w3.org/TR/vocab-dqv/,standards,source_document_or_landing_page,repository:standards-matrix.csv:primaire_bron,2026-09-08T18:21:58.504962+00:00,200,https://www.w3.org/TR/vocab-dqv/,text/html; charset=utf-8,research/corpus/standards/S34-73ead97736.html,research/corpus/text/S34-73ead97736.txt,183523,271d3e820c681127131595d2c8bf8345e925149192f6cab821f101f09d372a63,downloaded,not_content_reviewed,
S35,https://www.w3.org/TR/json-ld11/,standards,source_document_or_landing_page,repository:standards-matrix.csv:primaire_bron,2026-09-08T18:21:58.523495+00:00,200,https://www.w3.org/TR/json-ld11/,text/html; charset=utf-8,research/corpus/standards/S35-caedf4b2d8.html,research/corpus/text/S35-caedf4b2d8.txt,1021461,9e2c9972d0f60bc744e975731643a9a63d410afc6b682eb8898ad2720e452866,downloaded,not_content_reviewed,
S36,https://www.w3.org/TR/sparql11-overview/,standards,source_document_or_landing_page,repository:standards-matrix.csv:primaire_bron,2026-09-08T18:21:58.562704+00:00,200,https://www.w3.org/TR/sparql11-overview/,text/html; charset=utf-8,research/corpus/standards/S36-ff8e514eef.html,research/corpus/text/S36-ff8e514eef.txt,38201,f47e4fbfe9c72f3f5f6e8572649f6770e2f1e912aaa9d5a384492cdbe9865fd6,downloaded,not_content_reviewed,
S37,https://www.w3.org/TR/2017/REC-owl-time-20171019/,standards,source_document_or_landing_page,repository:standards-matrix.csv:primaire_bron,2026-09-08T18:21:58.604831+00:00,200,https://www.w3.org/TR/2017/REC-owl-time-20171019/,text/html; charset=utf-8,research/corpus/standards/S37-4c57d07938.html,research/corpus/text/S37-4c57d07938.txt,305874,07341fe8a46f50c7f559516d28bf8a7b0840c354331b88ce8f6d5f8793903263,downloaded,not_content_reviewed,
S38,https://www.rfc-editor.org/info/rfc3986/,standards,source_document_or_landing_page,repository:standards-matrix.csv:primaire_bron,2026-09-08T18:21:58.628349+00:00,200,https://www.rfc-editor.org/info/rfc3986/,text/html;charset=utf-8,research/corpus/standards/S38-7619e01ad5.html,research/corpus/text/S38-7619e01ad5.txt,640269,374566719159fd8c5c902506e28c005e3af3cbc0b4d67cfd351a8133ac8cfcc4,downloaded,not_content_reviewed,
S38,https://www.rfc-editor.org/info/rfc3987/,standards,source_document_or_landing_page,repository:standards-matrix.csv:primaire_bron,2026-09-08T18:21:58.635559+00:00,200,https://www.rfc-editor.org/info/rfc3987/,text/html;charset=utf-8,research/corpus/standards/S38-688ac6df25.html,research/corpus/text/S38-688ac6df25.txt,515695,681226eb3a8a13b4a3006458c44985fdfd4414fb09e1ff023691f590be83fb68,downloaded,not_content_reviewed,
S39,https://www.w3.org/TR/cooluris/,standards,source_document_or_landing_page,repository:standards-matrix.csv:primaire_bron,2026-09-08T18:21:58.664970+00:00,200,https://www.w3.org/TR/cooluris/,text/html; charset=utf-8,research/corpus/standards/S39-ec90a46f05.html,research/corpus/text/S39-ec90a46f05.txt,71641,71c25a8c9ab567a238eab66f7023bf5d70efba50ce8f60515f97ad2e363a2c7a,downloaded,not_content_reviewed,
S40,https://ontouml.org/ufo/,standards,source_document_or_landing_page,repository:standards-matrix.csv:primaire_bron,2026-09-08T18:21:58.713045+00:00,200,https://ontouml.org/ufo/,text/html; charset=UTF-8,research/corpus/standards/S40-67f754b0ba.html,research/corpus/text/S40-67f754b0ba.txt,79236,d55097e43e8a2bd6c9824aa5563e5d449759817f85bed114e682b383f2270ccc,downloaded,not_content_reviewed,
S41,https://ontouml.org/ufo/,standards,source_document_or_landing_page,repository:standards-matrix.csv:primaire_bron,2026-09-08T18:21:58.733360+00:00,200,https://ontouml.org/ufo/,text/html; charset=UTF-8,research/corpus/standards/S41-67f754b0ba.html,research/corpus/text/S41-67f754b0ba.txt,79236,d55097e43e8a2bd6c9824aa5563e5d449759817f85bed114e682b383f2270ccc,downloaded,not_content_reviewed,
S42,https://eur-lex.europa.eu/eli/reg/2024/903,standards,source_document_or_landing_page,repository:standards-matrix.csv:primaire_bron,2026-09-08T18:21:58.767952+00:00,202,https://eur-lex.europa.eu/eli/reg/2024/903,text/html; charset=UTF-8,research/corpus/standards/S42-bee5a21293.html,,2035,1fe5398722ffa34d53d608b8db7289924a1d4060b1179fc3bbb89e6bc356898e,incomplete_response,not_content_reviewed,Empty body or HTTP 202; not acquired document
S43,https://eur-lex.europa.eu/legal-content/EN/TXT/?uri=celex%3A52017DC0134,standards,source_document_or_landing_page,repository:standards-matrix.csv:primaire_bron,2026-09-08T18:21:58.807582+00:00,202,https://eur-lex.europa.eu/legal-content/EN/TXT/?uri=celex%3A52017DC0134,text/html; charset=UTF-8,research/corpus/standards/S43-e43bd61024.html,,2035,91de2576084c7caca2236def35e922e69d22ad75b6831576aab259fd0112d028,incomplete_response,not_content_reviewed,Empty body or HTTP 202; not acquired document
S44,https://semiceu.github.io/Core-Person-Vocabulary/releases/2.1.1/,standards,source_document_or_landing_page,repository:standards-matrix.csv:primaire_bron,2026-09-08T18:21:58.842807+00:00,200,https://semiceu.github.io/Core-Person-Vocabulary/releases/2.1.1/,text/html; charset=utf-8,research/corpus/standards/S44-362c73cc52.html,research/corpus/text/S44-362c73cc52.txt,210953,0648067ae255032bd33cfc4189b618b4d5cb0191c06c727c232746d7ee9e888f,downloaded,not_content_reviewed,
S44,https://semiceu.github.io/Core-Business-Vocabulary/releases/2.2.0/,standards,source_document_or_landing_page,repository:standards-matrix.csv:primaire_bron,2026-09-08T18:21:58.850496+00:00,200,https://semiceu.github.io/Core-Business-Vocabulary/releases/2.2.0/,text/html; charset=utf-8,research/corpus/standards/S44-7725ca81d9.html,research/corpus/text/S44-7725ca81d9.txt,177632,d242ab230dc356aa63fc4f74f6681f2009ed6a260af48919521dd0b1d09906cc,downloaded,not_content_reviewed,
S44,https://semiceu.github.io/Core-Location-Vocabulary/releases/2.1.0/,standards,source_document_or_landing_page,repository:standards-matrix.csv:primaire_bron,2026-09-08T18:21:58.854834+00:00,200,https://semiceu.github.io/Core-Location-Vocabulary/releases/2.1.0/,text/html; charset=utf-8,research/corpus/standards/S44-64d4cb6296.html,research/corpus/text/S44-64d4cb6296.txt,153956,47ebebb0cc8fa9c752819a70e619080c7c2aac9975102f842eebf6833f897143,downloaded,not_content_reviewed,
S44,https://semiceu.github.io/CPOV/releases/2.1.1/,standards,source_document_or_landing_page,repository:standards-matrix.csv:primaire_bron,2026-09-08T18:21:58.868787+00:00,200,https://semiceu.github.io/CPOV/releases/2.1.1/,text/html; charset=utf-8,research/corpus/standards/S44-bbd583479a.html,research/corpus/text/S44-bbd583479a.txt,230730,ceb6ac148c8b24511a2ace03a75585c4fd818d6203bb62a0524bedccbd482a02,downloaded,not_content_reviewed,
S45,https://semiceu.github.io/DCAT-AP/releases/3.0.1/,standards,source_document_or_landing_page,repository:standards-matrix.csv:primaire_bron,2026-09-08T18:21:59.045186+00:00,200,https://semiceu.github.io/DCAT-AP/releases/3.0.1/,text/html; charset=utf-8,research/corpus/standards/S45-2523d2630c.html,research/corpus/text/S45-2523d2630c.txt,603747,f5cbe0a03f3686b12f9e7f7fc0b5948921e7634459a7d83f6b4cb11c07d66a00,downloaded,not_content_reviewed,
S46,https://www.nature.com/articles/sdata201618,standards,source_document_or_landing_page,repository:standards-matrix.csv:primaire_bron,2026-09-08T18:21:59.082930+00:00,200,https://www.nature.com/articles/sdata201618?error=cookies_not_supported&code=9098ac15-8e50-49b6-a30e-c817f813e8c8,text/html; charset=utf-8,research/corpus/standards/S46-ba332568f0.html,research/corpus/text/S46-ba332568f0.txt,446309,f1217359f3c63ffb1eec05e3c08d350cf46497af543d349e678117efb9bfd02f,downloaded,not_content_reviewed,
S47,https://www.w3.org/TR/2024/REC-vocab-dcat-3-20240822/,standards,source_document_or_landing_page,repository:standards-matrix.csv:primaire_bron,2026-09-08T18:21:59.098052+00:00,200,https://www.w3.org/TR/2024/REC-vocab-dcat-3-20240822/,text/html; charset=utf-8,research/corpus/standards/S47-6731cfa24b.html,research/corpus/text/S47-6731cfa24b.txt,664822,068b43f7814525ea784b7d565ada8de2b4538f5377517c4f0ec9b162a34dedfb,downloaded,not_content_reviewed,
S48,https://www.noraonline.nl/wiki/Raamwerk_gegevenskwaliteit_NORA,standards,source_document_or_landing_page,repository:standards-matrix.csv:primaire_bron,2026-09-08T18:21:59.111303+00:00,200,https://www.noraonline.nl/wiki/Raamwerk_gegevenskwaliteit_NORA,text/html; charset=UTF-8,research/corpus/standards/S48-6fcfc31309.html,research/corpus/text/S48-6fcfc31309.txt,5684,8164cefcf906cf7b6d9c325f2923723632c2a5deade987cd695d0643a1293b12,downloaded,not_content_reviewed,
S49,https://www.geobasisregistraties.nl/documenten/2018/03/12/catalogus-2018,standards,source_document_or_landing_page,repository:standards-matrix.csv:primaire_bron,2026-09-08T18:21:59.157824+00:00,200,https://www.geobasisregistraties.nl/documenten/2018/03/12/catalogus-2018,text/html; charset=utf-8,research/corpus/standards/S49-94bc4edfbf.html,research/corpus/text/S49-94bc4edfbf.txt,211823,7a179b3cf23c0a308bcb48018cd198bf1e269cfd1f6211e96850f3f4e9f417c7,downloaded,not_content_reviewed,
S50,https://www.loa.istc.cnr.it/old/Papers/CACM2002.pdf,standards,source_document_or_landing_page,repository:standards-matrix.csv:primaire_bron,2026-09-08T18:21:59.177880+00:00,200,https://www.loa.istc.cnr.it/old/Papers/CACM2002.pdf,application/pdf,research/corpus/standards/S50-af5b66b3f5.pdf,research/corpus/text/S50-af5b66b3f5.txt,95756,00ebe14c630b267ed1e8179145cbda28f4ac11514cdd9caeb7e546e3521bfdd3,downloaded,not_content_reviewed,
S51,https://www.omg.org/spec/DPROD/1.0/Beta1/PDF,standards,source_document_or_landing_page,repository:standards-matrix.csv:primaire_bron,2026-09-08T18:21:59.196548+00:00,200,https://www.omg.org/spec/DPROD/1.0/Beta1/PDF,application/pdf,research/corpus/standards/S51-091ce61e98.pdf,research/corpus/text/S51-091ce61e98.txt,743735,ed6281cae6ca5508995fb4a3b7b21ba07f45714b984726c8fae98cd4403c28fe,downloaded,not_content_reviewed,
L01,https://aisel.aisnet.org/misq/vol28/iss1/6/,papers,source_document_or_landing_page,repository:literature-matrix.csv:doi_of_stabiele_bron,2026-09-08T18:21:59.229314+00:00,200,https://aisel.aisnet.org/misq/vol28/iss1/6/,text/html; charset=UTF-8,research/corpus/papers/L01-f1e1a62e61.html,research/corpus/text/L01-f1e1a62e61.txt,56115,1322dc552281bfe7716d169dbbd64aba40c6a1128b26dc215c4be832bbd80042,downloaded,not_content_reviewed,
L02,https://doi.org/10.2753/MIS0742-1222240302,papers,source_document_or_landing_page,repository:literature-matrix.csv:doi_of_stabiele_bron,2026-09-08T18:27:18.926816+00:00,,,,,,,,failed,not_content_reviewed,HTTP Error 403: Forbidden
L02,https://www.jmis-web.org/articles/765,papers,source_document_or_landing_page,repository:literature-matrix.csv:bronlocatie,2026-09-08T18:21:59.364941+00:00,200,https://www.jmis-web.org/articles/765,text/html; charset=utf-8,research/corpus/papers/L02-b37df60b32.html,research/corpus/text/L02-b37df60b32.txt,3764,ad277baa9bfec849de2a45320e0ae5b43b7edce4deeb9aab1f9da6c7f3ccc788,downloaded,not_content_reviewed,
L02,https://scholar.cgu.edu/samir-chatterjee/wp-content/uploads/sites/6/2013/07/jmis-article.pdf,papers,source_document_or_landing_page,repository:literature-matrix.csv:bronlocatie,2026-09-08T18:21:59.402159+00:00,200,https://scholar.cgu.edu/samir-chatterjee/wp-content/uploads/sites/6/2013/07/jmis-article.pdf,application/pdf,research/corpus/papers/L02-1d045ee96d.pdf,research/corpus/text/L02-1d045ee96d.txt,507442,3b0eee0e13dec73c03672caa9dec073f139c73cdaaf36b2f90045e48c38b0c36,downloaded,not_content_reviewed,
L03,https://doi.org/10.1057/ejis.2014.36,papers,source_document_or_landing_page,repository:literature-matrix.csv:doi_of_stabiele_bron,2026-09-08T18:27:18.930334+00:00,,,,,,,,failed,not_content_reviewed,HTTP Error 403: Forbidden
L03,https://www.tandfonline.com/doi/pdf/10.1057/ejis.2014.36,papers,source_document_or_landing_page,repository:literature-matrix.csv:bronlocatie,2026-09-08T18:27:18.933138+00:00,,,,,,,,failed,not_content_reviewed,HTTP Error 403: Forbidden
L04,https://ailab-ua.github.io/courses/MIS611D/gregor-2013-positioning-presenting-design-science-research.pdf,papers,source_document_or_landing_page,repository:literature-matrix.csv:doi_of_stabiele_bron,2026-09-08T18:21:59.629527+00:00,200,https://ailab-ua.github.io/courses/MIS611D/gregor-2013-positioning-presenting-design-science-research.pdf,application/pdf,research/corpus/papers/L04-af20f5f487.pdf,research/corpus/text/L04-af20f5f487.txt,1202637,dfed15162209cc9602e8e821c307224e55a4ad153e441f75a697c3afd3d7dddb,downloaded,not_content_reviewed,
L05,https://doi.org/10.1007/s10257-011-0178-0,papers,source_document_or_landing_page,repository:literature-matrix.csv:doi_of_stabiele_bron,2026-09-08T18:21:59.647926+00:00,200,https://link.springer.com/article/10.1007/s10257-011-0178-0?error=cookies_not_supported&code=da980683-785c-42a0-8bfb-449b575887bf,text/html; charset=utf-8,research/corpus/papers/L05-db1aa40d98.html,research/corpus/text/L05-db1aa40d98.txt,359340,2254326405aedf5860ce433290d48157ecf422fc364b8fc39b8c554914a56ad4,downloaded,not_content_reviewed,
L06,https://doi.org/10.1108/17410391111122862,papers,source_document_or_landing_page,repository:literature-matrix.csv:doi_of_stabiele_bron,2026-09-08T18:27:18.936433+00:00,,,,,,,,failed,not_content_reviewed,HTTP Error 403: Forbidden
L06,https://portal.findresearcher.sdu.dk/en/publications/barriers-to-master-data-quality/,papers,source_document_or_landing_page,repository:literature-matrix.csv:bronlocatie,2026-09-08T18:21:59.677630+00:00,200,https://portal.findresearcher.sdu.dk/en/publications/barriers-to-master-data-quality/,text/html;charset=UTF-8,research/corpus/papers/L06-3eb7c91bbb.html,research/corpus/text/L06-3eb7c91bbb.txt,39667,d1bffb6b2d92c7598eab0ee0dacb960deb26b59dd5b6e1aa07d75a748d3da777,downloaded,not_content_reviewed,
L07,https://doi.org/10.1016/j.ijinfomgt.2019.07.008,papers,source_document_or_landing_page,repository:literature-matrix.csv:doi_of_stabiele_bron,2026-09-08T18:21:59.734611+00:00,200,https://linkinghub.elsevier.com/retrieve/pii/S0268401219300787,text/html;charset=UTF-8,research/corpus/papers/L07-6a27517c87.html,,2693,1958c9cab60e64d2c16bd001a8d96eb4365a00b8bfc282bee2747bfbe8cb9906,access_response,not_content_reviewed,Redirect/challenge page; not source content
L07,https://www.wi.uni-muenster.de/research/publications/86740390,papers,source_document_or_landing_page,repository:literature-matrix.csv:bronlocatie,2026-09-08T18:21:59.817950+00:00,200,https://www.wi.uni-muenster.de/research/publications/86740390,text/html; charset=utf-8,research/corpus/papers/L07-3a4864a17e.html,research/corpus/text/L07-3a4864a17e.txt,32611,25135d78b45f5b95fd477ec7de60d8a8cb52a8ef3fda6365db3a456ce4887be3,downloaded,not_content_reviewed,
L08,https://research.utwente.nl/en/publications/ontological-foundations-for-structural-conceptual-models/,papers,source_document_or_landing_page,repository:literature-matrix.csv:doi_of_stabiele_bron,2026-09-08T18:21:59.832149+00:00,200,https://research.utwente.nl/en/publications/ontological-foundations-for-structural-conceptual-models/,text/html;charset=UTF-8,research/corpus/papers/L08-473f8f459d.html,research/corpus/text/L08-473f8f459d.txt,61471,c3a25738c2686a460779de595b072a4d7b6a1849ff2116ad47f937df996df06b,downloaded,not_content_reviewed,
L09,https://doi.org/10.3233/AO-150157,papers,source_document_or_landing_page,repository:literature-matrix.csv:doi_of_stabiele_bron,2026-09-08T18:27:18.969172+00:00,,,,,,,,failed,not_content_reviewed,HTTP Error 403: Forbidden
L09,https://bia.unibz.it/esploro/outputs/journalArticle/Towards-ontological-foundations-for-conceptual-modeling/991005925750201241,papers,source_document_or_landing_page,repository:literature-matrix.csv:bronlocatie,2026-09-08T18:21:59.984727+00:00,200,https://bia.unibz.it/esploro/outputs/journalArticle/Towards-ontological-foundations-for-conceptual-modeling/991005925750201241,text/html,research/corpus/papers/L09-f6cb6bad2b.html,research/corpus/text/L09-f6cb6bad2b.txt,2328,31bccb50357843e33e44444c6dadcbe9f040e23cbbfc62a3e28d07eeea45a435,downloaded,not_content_reviewed,
L09,https://journals.sagepub.com/doi/10.3233/AO-150157,papers,source_document_or_landing_page,repository:literature-matrix.csv:bronlocatie,2026-09-08T18:27:18.988311+00:00,,,,,,,,failed,not_content_reviewed,HTTP Error 403: Forbidden
L10,https://doi.org/10.1145/503124.503150,papers,source_document_or_landing_page,repository:literature-matrix.csv:doi_of_stabiele_bron,2026-09-08T18:27:18.999088+00:00,,,,,,,,failed,not_content_reviewed,HTTP Error 403: Forbidden
L10,https://www.loa.istc.cnr.it/old/Papers/CACM2002.pdf,papers,source_document_or_landing_page,repository:literature-matrix.csv:bronlocatie,2026-09-08T18:22:00.080967+00:00,200,https://www.loa.istc.cnr.it/old/Papers/CACM2002.pdf,application/pdf,research/corpus/papers/L10-af5b66b3f5.pdf,research/corpus/text/L10-af5b66b3f5.txt,95756,00ebe14c630b267ed1e8179145cbda28f4ac11514cdd9caeb7e546e3521bfdd3,downloaded,not_content_reviewed,
L11,https://doi.org/10.1038/sdata.2016.18,papers,source_document_or_landing_page,repository:literature-matrix.csv:doi_of_stabiele_bron,2026-09-08T18:22:00.115798+00:00,200,https://www.nature.com/articles/sdata201618?error=cookies_not_supported&code=78e02fb5-2d5d-48f9-9cb0-8139f1eb7eb7,text/html; charset=utf-8,research/corpus/papers/L11-cb98710042.html,research/corpus/text/L11-cb98710042.txt,446309,23ef43c63f1d208e3cc001e9415cfe547b5e4e9eea0f46e538c8ad0527b80de4,downloaded,not_content_reviewed,
L12,https://doi.org/10.1007/s12599-024-00876-5,papers,source_document_or_landing_page,repository:literature-matrix.csv:doi_of_stabiele_bron,2026-09-08T18:22:00.179845+00:00,200,https://link.springer.com/article/10.1007/s12599-024-00876-5?error=cookies_not_supported&code=c7c51200-beb5-441a-8c6c-9a51cd19c9fe,text/html; charset=utf-8,research/corpus/papers/L12-a874b017fb.html,research/corpus/text/L12-a874b017fb.txt,392056,189e6e5b68a242c2bd2413a0b1f731dc5f7ba5d6688dce63b3200fcdce033d3e,downloaded,not_content_reviewed,
L13,https://doi.org/10.1145/3447772,papers,source_document_or_landing_page,repository:literature-matrix.csv:doi_of_stabiele_bron,2026-09-08T18:27:19.011548+00:00,,,,,,,,failed,not_content_reviewed,HTTP Error 403: Forbidden
L13,https://aidanhogan.com/docs/knowledge-graphs-computing-surveys.pdf,papers,source_document_or_landing_page,repository:literature-matrix.csv:bronlocatie,2026-09-08T18:22:00.196651+00:00,200,https://aidanhogan.com/docs/knowledge-graphs-computing-surveys.pdf,application/pdf,research/corpus/papers/L13-5abd6a1f6a.pdf,research/corpus/text/L13-5abd6a1f6a.txt,1312846,54845ff68df19147095b32101a3228b15ccf8eaa5cfe2f631c245996341fa3c7,downloaded,not_content_reviewed,
L14,https://www2.cs.arizona.edu/~rts/pubs/SIGMODRecordMarch94p52.pdf,papers,source_document_or_landing_page,repository:literature-matrix.csv:doi_of_stabiele_bron,2026-09-08T18:22:00.305016+00:00,200,https://www2.cs.arizona.edu/~rts/pubs/SIGMODRecordMarch94p52.pdf,application/pdf,research/corpus/papers/L14-fa94e82c7b.pdf,research/corpus/text/L14-fa94e82c7b.txt,1423397,81894b6696dc9201659ab76fe8a31fd45ce1e50f247057f1233d55885620ea66,downloaded,not_content_reviewed,
L15,https://www.jmis-web.org/articles/1002,papers,source_document_or_landing_page,repository:literature-matrix.csv:doi_of_stabiele_bron,2026-09-08T18:22:00.311675+00:00,200,https://www.jmis-web.org/articles/1002,text/html; charset=utf-8,research/corpus/papers/L15-ecf4996ea9.html,research/corpus/text/L15-ecf4996ea9.txt,3597,b0dda42dd5c83196bef44633ee1cda897546518dfd4a852d516a951548227b40,downloaded,not_content_reviewed,
L16,https://proceedings.neurips.cc/paper_files/paper/2020/hash/6b493230205f780e1bc26945df7481e5-Abstract.html,papers,source_document_or_landing_page,repository:literature-matrix.csv:doi_of_stabiele_bron,2026-09-08T18:22:00.334338+00:00,200,https://proceedings.neurips.cc/paper_files/paper/2020/hash/6b493230205f780e1bc26945df7481e5-Abstract.html,text/html; charset=utf-8,research/corpus/papers/L16-c8e6865523.html,research/corpus/text/L16-c8e6865523.txt,10881,5a425ab1b904e69e8ec394bc5f3cf61cd84db96b72c6cfd2a6c1c139443a73e8,downloaded,not_content_reviewed,
L17,https://doi.org/10.1108/02635571311303550,papers,source_document_or_landing_page,repository:literature-matrix.csv:doi_of_stabiele_bron,2026-09-08T18:27:19.025064+00:00,,,,,,,,failed,not_content_reviewed,HTTP Error 403: Forbidden
L17,https://portal.findresearcher.sdu.dk/en/publications/master-data-quality-barriers-an-empirical-investigation/,papers,source_document_or_landing_page,repository:literature-matrix.csv:bronlocatie,2026-09-08T18:22:00.726694+00:00,200,https://portal.findresearcher.sdu.dk/en/publications/master-data-quality-barriers-an-empirical-investigation/,text/html;charset=UTF-8,research/corpus/papers/L17-3dbdf668bd.html,research/corpus/text/L17-3dbdf668bd.txt,61235,fb102607daae2ab6bcb28064232d5fef76e962427e09c93970034700946387a0,downloaded,not_content_reviewed,
L18,https://www.vldb.org/pvldb/vol2/vldb09-1011.pdf,papers,source_document_or_landing_page,repository:literature-matrix.csv:doi_of_stabiele_bron,2026-09-08T18:22:00.800652+00:00,200,https://www.vldb.org/pvldb/vol2/vldb09-1011.pdf,application/pdf,research/corpus/papers/L18-2be5982312.pdf,research/corpus/text/L18-2be5982312.txt,551823,3ed95696d0ed8ae657f6efc6756412493efc106a09ce516748d534ddb7616fe3,downloaded,not_content_reviewed,
L19,https://doi.org/10.15388/23-INFOR534,papers,source_document_or_landing_page,repository:literature-matrix.csv:doi_of_stabiele_bron,2026-09-08T18:22:00.917936+00:00,200,https://informatica.vu.lt/journal/INFORMATICA/article/1311/info,text/html; charset=UTF-8,research/corpus/papers/L19-55c3b53ece.html,research/corpus/text/L19-55c3b53ece.txt,81597,3c42afedfa17539b89647a30fc386fd5e109d96911624fea342186459605d7d9,downloaded,not_content_reviewed,
L19,https://journals.sagepub.com/doi/10.15388/23-INFOR534,papers,source_document_or_landing_page,repository:literature-matrix.csv:bronlocatie,2026-09-08T18:27:19.040248+00:00,,,,,,,,failed,not_content_reviewed,HTTP Error 403: Forbidden
B01,https://shop.elsevier.com/books/master-data-management/loshin/978-0-12-374225-4,books,landing_page,web discovery 2026-09-08; primary landing page: https://shop.elsevier.com/books/master-data-management/loshin/978-0-12-374225-4,2026-09-08T18:24:19.753621+00:00,200,https://shop.elsevier.com/books/master-data-management/loshin/978-0-12-374225-4,text/html; charset=utf-8,research/corpus/books/B01-bc041b2983.html,research/corpus/text/B01-bc041b2983.txt,195455,3b419f03ea05965a95d645b20d2edee9f93acd4ee7a975b2fe44e76f599fefbf,downloaded,not_content_reviewed,
B01,https://booksite.elsevier.com/samplechapters/9780123742254/Sample_Chapters/02~Chapter_1.pdf,books,publisher_sample_chapter,web discovery 2026-09-08; primary landing page: https://shop.elsevier.com/books/master-data-management/loshin/978-0-12-374225-4,2026-09-08T18:24:19.774237+00:00,200,https://booksite.elsevier.com/samplechapters/9780123742254/Sample_Chapters/02~Chapter_1.pdf,application/pdf,research/corpus/books/B01-6f746e01b6.pdf,research/corpus/text/B01-6f746e01b6.txt,2081426,d7f98ed0d3430eca1ade182ad0032150e4563bebee724835576d716f7c89ed66,downloaded,not_content_reviewed,
B02,https://www.informit.com/store/enterprise-master-data-management-an-soa-approach-to-9780132799720,books,landing_page,web discovery 2026-09-08; primary landing page: https://www.informit.com/store/enterprise-master-data-management-an-soa-approach-to-9780132799720,2026-09-08T18:24:19.822696+00:00,200,https://www.informit.com/store/enterprise-master-data-management-an-soa-approach-to-9780132799720,text/html; charset=utf-8,research/corpus/books/B02-85456d659d.html,research/corpus/text/B02-85456d659d.txt,120152,e20538ea4080a81c6fbed6f41c68391449bbd5301057bb22e67014846acb025e,downloaded,not_content_reviewed,
B02,https://ptgmedia.pearsoncmg.com/images/9780132366250/samplepages/0132366258_Sample.pdf,books,publisher_sample,web discovery 2026-09-08; primary landing page: https://www.informit.com/store/enterprise-master-data-management-an-soa-approach-to-9780132799720,2026-09-08T18:24:19.823436+00:00,200,https://ptgmedia.pearsoncmg.com/images/9780132366250/samplepages/0132366258_Sample.pdf,application/pdf,research/corpus/books/B02-448255dab8.pdf,research/corpus/text/B02-448255dab8.txt,1861251,7048b36a2a4ea8f93dd587e97d834619a20c201070321d6ae8b3c962acf0e142,downloaded,not_content_reviewed,
B03,https://www.mheducation.com/highered/mhp/product/master-data-management-data-governance-2-e.html,books,landing_page,web discovery 2026-09-08; primary landing page: https://www.mheducation.com/highered/mhp/product/master-data-management-data-governance-2-e.html,2026-09-08T18:24:19.829331+00:00,200,https://www.mheducation.com/highered/mhp/product/master-data-management-data-governance-2-e.html,text/html,research/corpus/books/B03-9cce8f15cc.html,research/corpus/text/B03-9cce8f15cc.txt,344041,5cb9d8663c6bd445fe2e7e766a3f73991b8f6c6a686b6286c97e326786959570,downloaded,not_content_reviewed,
B04,https://link.springer.com/book/10.1007/978-3-642-31164-2,books,landing_page,web discovery 2026-09-08; primary landing page: https://link.springer.com/book/10.1007/978-3-642-31164-2,2026-09-08T18:24:19.862006+00:00,200,https://link.springer.com/book/10.1007/978-3-642-31164-2?error=cookies_not_supported&code=d4efd742-6e4f-4d27-86b6-717fdfb0fa82,text/html; charset=utf-8,research/corpus/books/B04-b31e2775c7.html,research/corpus/text/B04-b31e2775c7.txt,286824,3d21ffda4d154c64c2c61cff8298914d2a8161f372d061dcf89d1fd46a62bc21,downloaded,not_content_reviewed,
B05,https://link.springer.com/book/10.1007/3-540-33173-5,books,landing_page,web discovery 2026-09-08; primary landing page: https://link.springer.com/book/10.1007/3-540-33173-5,2026-09-08T18:24:19.886981+00:00,200,https://link.springer.com/book/10.1007/3-540-33173-5?error=cookies_not_supported&code=afd01332-1c37-4f3c-beed-6b4b6a9bcdc8,text/html; charset=utf-8,research/corpus/books/B05-0711c01eb8.html,research/corpus/text/B05-0711c01eb8.txt,274746,cad8679fb00d1ccd77352c97b5ce73ea38761b3a24d497d97cfca634f1cdfe34,downloaded,not_content_reviewed,
B06,https://people.cs.uct.ac.za/~mkeet/OEbook/,books,landing_page,web discovery 2026-09-08; primary landing page: https://people.cs.uct.ac.za/~mkeet/OEbook/,2026-09-08T18:24:20.061251+00:00,200,https://people.cs.uct.ac.za/~mkeet/OEbook/,text/html,research/corpus/books/B06-40d50dff32.html,research/corpus/text/B06-40d50dff32.txt,21142,e068893894a2f76a8f3576ba71c62bd88cd37f0c01efaaf05467c2746a350c32,downloaded,not_content_reviewed,
B06,https://people.cs.uct.ac.za/~mkeet/files/OEbook.pdf,books,open_textbook_2020_not_latest_commercial_edition,web discovery 2026-09-08; primary landing page: https://people.cs.uct.ac.za/~mkeet/OEbook/,2026-09-08T18:24:20.074906+00:00,200,https://people.cs.uct.ac.za/~mkeet/files/OEbook.pdf,application/pdf,research/corpus/books/B06-1c7cbab4c7.pdf,research/corpus/text/B06-1c7cbab4c7.txt,7748439,151c02fc1f93c04edc73079170f2e1b0ad7dd345da05c19bc827f5185d25e64e,downloaded,not_content_reviewed,
B07,https://kgbook.org/,books,author_hosted_full_html_book,web discovery 2026-09-08; primary landing page: https://kgbook.org/,2026-09-08T18:24:20.201205+00:00,200,https://kgbook.org/,text/html; charset=utf-8,research/corpus/books/B07-27df344a25.html,research/corpus/text/B07-27df344a25.txt,1347779,3d77f72853dfdb269b3cb14c9a5e950a15bd16a2f5580d380a2c1cf152f66818,downloaded,not_content_reviewed,
B08,https://www.oreilly.com/library/view/data-mesh/9781492092384/titlepage01.html,books,landing_page,web discovery 2026-09-08; primary landing page: https://www.oreilly.com/library/view/data-mesh/9781492092384/titlepage01.html,2026-09-08T18:27:19.084004+00:00,,,,,,,,failed,not_content_reviewed,HTTP Error 403: Forbidden
B08,https://www.thoughtworks.com/content/dam/thoughtworks/documents/books/bk_data_mesh_excerpt.pdf,books,authorized_book_excerpt,web discovery 2026-09-08; primary landing page: https://www.oreilly.com/library/view/data-mesh/9781492092384/titlepage01.html,2026-09-08T18:24:20.455285+00:00,200,https://www.thoughtworks.com/content/dam/thoughtworks/documents/books/bk_data_mesh_excerpt.pdf,application/pdf,research/corpus/books/B08-4eb04125e6.pdf,research/corpus/text/B08-4eb04125e6.txt,2595470,0db8c982098d90eba350e0c4d858aaf6a38c725f8ef155efccdb345d9bd40f67,downloaded,not_content_reviewed,
P01,https://www.redbooks.ibm.com/abstracts/sg247956.html,professional,landing_page,web discovery 2026-09-08; primary landing page: https://www.redbooks.ibm.com/abstracts/sg247956.html,2026-09-08T18:24:20.524556+00:00,200,https://www.redbooks.ibm.com/abstracts/sg247956.html,text/html; charset=utf-8,research/corpus/professional/P01-50a20a0575.html,research/corpus/text/P01-50a20a0575.txt,61903,ca787a9488c6c82a92c3014e99e14a71f21a6b420a623e25cd85ffa82c4fbda1,downloaded,not_content_reviewed,
P01,https://www.redbooks.ibm.com/redbooks/pdfs/sg247956.pdf,professional,public_vendor_book,web discovery 2026-09-08; primary landing page: https://www.redbooks.ibm.com/abstracts/sg247956.html,2026-09-08T18:24:20.668943+00:00,200,https://www.redbooks.ibm.com/redbooks/pdfs/sg247956.pdf,application/pdf,research/corpus/professional/P01-28c1969531.pdf,research/corpus/text/P01-28c1969531.txt,11260704,17bb92804316fba14ff5154b64aebad5b6a4a7816b6a9d703d7ad9c7bb3f6748,downloaded,not_content_reviewed,
P02,https://www.redbooks.ibm.com/abstracts/sg248220.html,professional,landing_page,web discovery 2026-09-08; primary landing page: https://www.redbooks.ibm.com/abstracts/sg248220.html,2026-09-08T18:24:20.752680+00:00,200,https://www.redbooks.ibm.com/abstracts/sg248220.html,text/html; charset=utf-8,research/corpus/professional/P02-d3ea00448e.html,research/corpus/text/P02-d3ea00448e.txt,66749,ad10999a1a46ad7315647d6a11f4badfb5864d382d08e147e11a17223057c982,downloaded,not_content_reviewed,
P02,https://www.redbooks.ibm.com/redbooks/pdfs/sg248220.pdf,professional,public_vendor_book,web discovery 2026-09-08; primary landing page: https://www.redbooks.ibm.com/abstracts/sg248220.html,2026-09-08T18:24:20.873867+00:00,200,https://www.redbooks.ibm.com/redbooks/pdfs/sg248220.pdf,application/pdf,research/corpus/professional/P02-1d27e6dcf1.pdf,research/corpus/text/P02-1d27e6dcf1.txt,3453332,3eb1280fbea36c3850364d5202b4b42ddc186ac88449bd975ab790a675b0c984,downloaded,not_content_reviewed,
L20,https://aisel.aisnet.org/amcis2011_submissions/108/,papers,landing_page,web discovery 2026-09-08; primary landing page: https://aisel.aisnet.org/amcis2011_submissions/108/,2026-09-08T18:24:20.943098+00:00,200,https://aisel.aisnet.org/amcis2011_submissions/108/,text/html; charset=UTF-8,research/corpus/papers/L20-ef36ef5307.html,research/corpus/text/L20-ef36ef5307.txt,34072,897c669bc623cfaf1168d4949f40dd2a447bd73103fcbf91fe825871469830f4,downloaded,not_content_reviewed,
L21,https://vldb.org/pvldb/vol5/p2018_lisegetoor_vldb2012.pdf,papers,proceedings_tutorial_pdf,web discovery 2026-09-08; primary landing page: https://vldb.org/pvldb/vol5/p2018_lisegetoor_vldb2012.pdf,2026-09-08T18:24:21.135545+00:00,200,https://vldb.org/pvldb/vol5/p2018_lisegetoor_vldb2012.pdf,application/pdf,research/corpus/papers/L21-a43adcb079.pdf,research/corpus/text/L21-a43adcb079.txt,91599,5c341632d6de6b7d1575fe5b2eb41d2d42ec763451017de1ca45da267dcddeee,downloaded,not_content_reviewed,
L22,https://www.vldb.org/pvldb/vol3/R18.pdf,papers,proceedings_pdf,web discovery 2026-09-08; primary landing page: https://www.vldb.org/pvldb/vol3/R18.pdf,2026-09-08T18:24:21.545159+00:00,200,https://www.vldb.org/pvldb/vol3/R18.pdf,application/pdf,research/corpus/papers/L22-265ff3c24d.pdf,research/corpus/text/L22-265ff3c24d.txt,877691,91d57b1af271b1fb672a5d884c80d43a4a892775b69a8d9b009373d5cb883430,downloaded,not_content_reviewed,
L23,https://arxiv.org/abs/2304.01062,papers,landing_page,web discovery 2026-09-08; primary landing page: https://arxiv.org/abs/2304.01062,2026-09-08T18:24:21.736625+00:00,200,https://arxiv.org/abs/2304.01062,text/html; charset=utf-8,research/corpus/papers/L23-f81933ab74.html,research/corpus/text/L23-f81933ab74.txt,44438,915a1f8f11552c6c3356d423a9207af66962118d593ed27f1a83ff8ba0a78542,downloaded,not_content_reviewed,
L23,https://arxiv.org/pdf/2304.01062,papers,preprint_full_text,web discovery 2026-09-08; primary landing page: https://arxiv.org/abs/2304.01062,2026-09-08T18:24:21.902572+00:00,200,https://arxiv.org/pdf/2304.01062,application/pdf,research/corpus/papers/L23-4745466c90.pdf,research/corpus/text/L23-4745466c90.txt,4547220,70ad69acd51dfffadf728053ce0c4ab81b09181a647ff022bfb5a1437e59971f,downloaded,not_content_reviewed,
L23,https://stefan-driessen.github.io/publication/data-mesh-systematic-grey-literature-study/Data%20Mesh%20-%20Systematic%20Grey%20Literature%20Study.pdf,papers,author_manuscript_not_final_version,web discovery 2026-09-08; primary landing page: https://arxiv.org/abs/2304.01062,2026-09-08T18:24:22.113105+00:00,200,https://stefan-driessen.github.io/publication/data-mesh-systematic-grey-literature-study/Data%20Mesh%20-%20Systematic%20Grey%20Literature%20Study.pdf,application/pdf,research/corpus/papers/L23-e486d09f75.pdf,research/corpus/text/L23-e486d09f75.txt,4080886,5f356170072463052a93a6a397ee3c8b00a2f4e68d05fabb2f2c4a56f001e3c6,downloaded,not_content_reviewed,
L24,https://link.springer.com/article/10.1007/s10257-025-00707-4,papers,landing_page,web discovery 2026-09-08; primary landing page: https://link.springer.com/article/10.1007/s10257-025-00707-4,2026-09-08T18:24:22.113631+00:00,200,https://link.springer.com/article/10.1007/s10257-025-00707-4?error=cookies_not_supported&code=80c28739-cc3d-4c1c-ad64-c847cb21f0db,text/html; charset=utf-8,research/corpus/papers/L24-8124ff79bc.html,research/corpus/text/L24-8124ff79bc.txt,588126,f0ba591907f9ba1d0bb4e5aed98528e44d2f15195cc7b0eb05b533be92c5f1de,downloaded,not_content_reviewed,
L25,https://www.sciencedirect.com/science/article/pii/S0164121225002535,papers,landing_page,web discovery 2026-09-08; primary landing page: https://www.sciencedirect.com/science/article/pii/S0164121225002535,2026-09-08T18:27:19.123021+00:00,,,,,,,,failed,not_content_reviewed,HTTP Error 403: Forbidden
L26,https://pure.iiasa.ac.at/id/eprint/20795/,papers,landing_page,web discovery 2026-09-08; primary landing page: https://pure.iiasa.ac.at/id/eprint/20795/,2026-09-08T18:24:22.278448+00:00,200,https://pure.iiasa.ac.at/id/eprint/20795/,text/html; charset=utf-8,research/corpus/papers/L26-47a92434a9.html,research/corpus/text/L26-47a92434a9.txt,41936,837a5860b7d38997dd92603386eddce5f33f53f850c30992f2b06d36276c144e,downloaded,not_content_reviewed,
L27,https://doi.org/10.1109/ACCESS.2025.3627855,papers,landing_page,web discovery 2026-09-08; primary landing page: https://doi.org/10.1109/ACCESS.2025.3627855,2026-09-08T18:24:22.617305+00:00,202,https://ieeexplore.ieee.org/document/11223201/,text/html; charset=UTF-8,research/corpus/papers/L27-2ca17d30c4.html,,2055,8c60a248803cbd730279c66c1b0d02c7273479fd54c5acd655930d36cacc654a,incomplete_response,not_content_reviewed,Empty body or HTTP 202; not acquired document
L28,https://www.mdpi.com/2076-3417/16/11/5289,papers,landing_page,web discovery 2026-09-08; primary landing page: https://www.mdpi.com/2076-3417/16/11/5289,2026-09-08T18:27:19.124911+00:00,,,,,,,,failed,not_content_reviewed,HTTP Error 403: Forbidden
L28,https://www.mdpi.com/2076-3417/16/11/5289/pdf,papers,publisher_pdf_candidate,web discovery 2026-09-08; primary landing page: https://www.mdpi.com/2076-3417/16/11/5289,2026-09-08T18:27:19.129324+00:00,,,,,,,,failed,not_content_reviewed,HTTP Error 403: Forbidden
L29,https://arxiv.org/abs/1905.06397,papers,landing_page,web discovery 2026-09-08; primary landing page: https://arxiv.org/abs/1905.06397,2026-09-08T18:24:23.553491+00:00,200,https://arxiv.org/abs/1905.06397,text/html; charset=utf-8,research/corpus/papers/L29-1d4bdfbc41.html,research/corpus/text/L29-1d4bdfbc41.txt,42378,873f959925117e2e6e48afa3fbaeb824596ba06e44232768ff88e9c9bbb7b0bb,downloaded,not_content_reviewed,
L29,https://arxiv.org/pdf/1905.06397,papers,preprint_full_text,web discovery 2026-09-08; primary landing page: https://arxiv.org/abs/1905.06397,2026-09-08T18:24:23.637442+00:00,200,https://arxiv.org/pdf/1905.06397,application/pdf,research/corpus/papers/L29-1ff494de9c.pdf,research/corpus/text/L29-1ff494de9c.txt,2913422,0c945b3e60330bcdddcf43bd7cfc2e000c3d7263ee7862776f2b554450124b2c,downloaded,not_content_reviewed,
L30,https://arxiv.org/abs/1905.06167,papers,landing_page,web discovery 2026-09-08; primary landing page: https://arxiv.org/abs/1905.06167,2026-09-08T18:24:23.728049+00:00,200,https://arxiv.org/abs/1905.06167,text/html; charset=utf-8,research/corpus/papers/L30-c7aba244e7.html,research/corpus/text/L30-c7aba244e7.txt,41778,27c8b69ebb546c36e6e6c553c46fd2b020dd8fcadc6d5cedcdf5cfbb22098d5e,downloaded,not_content_reviewed,
L30,https://arxiv.org/pdf/1905.06167,papers,preprint_full_text,web discovery 2026-09-08; primary landing page: https://arxiv.org/abs/1905.06167,2026-09-08T18:24:23.768424+00:00,200,https://arxiv.org/pdf/1905.06167,application/pdf,research/corpus/papers/L30-024a111af7.pdf,research/corpus/text/L30-024a111af7.txt,1804544,6e26e7a95b315a799f8ddb2a466c48615a931297cf256701b7fd3a3c4a3c814c,downloaded,not_content_reviewed,
L31,https://arxiv.org/abs/2403.09806,papers,landing_page,web discovery 2026-09-08; primary landing page: https://arxiv.org/abs/2403.09806,2026-09-08T18:24:23.834534+00:00,200,https://arxiv.org/abs/2403.09806,text/html; charset=utf-8,research/corpus/papers/L31-fcf2da67c7.html,research/corpus/text/L31-fcf2da67c7.txt,40355,8f87081aff24f10cacfa7fdc4af042e1cc635dba0d2b6f85181d225bd1631481,downloaded,not_content_reviewed,
L31,https://arxiv.org/pdf/2403.09806,papers,preprint_full_text,web discovery 2026-09-08; primary landing page: https://arxiv.org/abs/2403.09806,2026-09-08T18:24:23.880208+00:00,200,https://arxiv.org/pdf/2403.09806,application/pdf,research/corpus/papers/L31-decc8c232d.pdf,research/corpus/text/L31-decc8c232d.txt,710039,6e59f2409ce8ac05c1d14117cf418a3c6ccf6f4bf94ae0f56aa4d053020a923f,downloaded,not_content_reviewed,
M01,https://eprints.whiterose.ac.uk/136633/1/PRISMA_ScR_Manuscript_July6th_clean_1_.pdf,methods,repository_author_manuscript,web discovery 2026-09-08; primary landing page: https://eprints.whiterose.ac.uk/136633/1/PRISMA_ScR_Manuscript_July6th_clean_1_.pdf,2026-09-08T18:24:23.957876+00:00,200,https://eprints.whiterose.ac.uk/id/eprint/136633/1/PRISMA_ScR_Manuscript_July6th_clean_1_.pdf,application/pdf,research/corpus/methods/M01-501e205a9e.pdf,research/corpus/text/M01-501e205a9e.txt,426500,9963b819863a92a1226b8bddc7b8d2d00b6dfe5749da4ae61aa53380f804da85,downloaded,not_content_reviewed,
M02,https://pmc.ncbi.nlm.nih.gov/articles/PMC8270366/,methods,landing_page,web discovery 2026-09-08; primary landing page: https://pmc.ncbi.nlm.nih.gov/articles/PMC8270366/,2026-09-08T18:24:24.075601+00:00,200,https://pmc.ncbi.nlm.nih.gov/articles/PMC8270366/,text/html; charset=utf-8,research/corpus/methods/M02-5062d21895.html,research/corpus/text/M02-5062d21895.txt,348239,1cb9b126d78691c33bfc53e39a29519256324bbccc6245c0122c7790a57a337e,downloaded,not_content_reviewed,
S52,https://www.iso.org/iso-8601-date-and-time-format.html,standards,official_series_overview_not_full_norm,web discovery 2026-09-08; primary landing page: https://www.iso.org/iso-8601-date-and-time-format.html,2026-09-08T18:27:19.136820+00:00,,,,,,,,failed,not_content_reviewed,HTTP Error 403: Forbidden
B09,https://shop.elsevier.com/books/data-governance/ladley/978-0-12-815831-9,books,landing_page,web discovery 2026-09-08; primary landing page: https://shop.elsevier.com/books/data-governance/ladley/978-0-12-815831-9,2026-09-08T18:27:19.157067+00:00,200,https://shop.elsevier.com/books/data-governance/ladley/978-0-12-815831-9,text/html; charset=utf-8,research/corpus/books/B09-129fa7f9d0.html,research/corpus/text/B09-129fa7f9d0.txt,193765,ff2c3395088ce4f5ede1c8bd71b94c4613f68cd7bb40d44306e43bfbe9158117,downloaded,not_content_reviewed,
L08,https://www.inf.ufes.br/~gguizzardi/OFSCM.pdf,papers,author_hosted_thesis,primary venue or author repository of registered work,2026-09-08T18:27:19.195456+00:00,200,https://www.inf.ufes.br/~gguizzardi/OFSCM.pdf,application/pdf,research/corpus/papers/L08-994a4f9d9d.pdf,research/corpus/text/L08-994a4f9d9d.txt,4730965,e630cc6cd6b314a080f3e213bd1f49f0ef773483b53e8682b2e59b45d3638408,downloaded,not_content_reviewed,
L27,https://repositorioaberto.uab.pt/bitstreams/12897f32-bf0e-446e-ae94-2e6bc2a78ac7/download,papers,institutional_repository_paper,primary venue or author repository of registered work,2026-09-08T18:27:19.198881+00:00,200,https://repositorioaberto.uab.pt/server/api/core/bitstreams/12897f32-bf0e-446e-ae94-2e6bc2a78ac7/content,application/pdf;charset=UTF-8,research/corpus/papers/L27-ba0383324b.pdf,research/corpus/text/L27-ba0383324b.txt,6623009,515fc32968b4668cacf034b04cf8657c7dcf2226457d274d64ef7fdc1329fc2f,downloaded,not_content_reviewed,
L01,https://aisel.aisnet.org/cgi/viewcontent.cgi?article=2693&context=misq,papers,venue_download,primary venue or author repository of registered work,2026-09-08T18:27:19.201033+00:00,200,https://aisel.aisnet.org/cgi/login.cgi?return_to=https%3A%2F%2Faisel.aisnet.org%2Fcgi%2Fviewcontent.cgi%3Farticle%3D2693%26context%3Dmisq&situation=subscription&context=misq&article=2693,text/html; charset=utf-8,research/corpus/papers/L01-fb0197e2f5.html,research/corpus/text/L01-fb0197e2f5.txt,46811,d5a9c64d6a4beb90f48c791d7b517e592a19aaf38b4e32909bfd83c260e99a03,downloaded,not_content_reviewed,
L20,https://aisel.aisnet.org/cgi/viewcontent.cgi?article=1134&context=amcis2011_submissions,papers,venue_download,primary venue or author repository of registered work,2026-09-08T18:27:19.210695+00:00,200,https://aisel.aisnet.org/cgi/viewcontent.cgi?article=1134&context=amcis2011_submissions,application/pdf,research/corpus/papers/L20-ef53704b6c.pdf,research/corpus/text/L20-ef53704b6c.txt,165219,fb1f53b9c74acdf49695dde44c7695f078779cc9599e2f207cf8241c387c176a,downloaded,not_content_reviewed,
S01,https://dama.org/learning-resources/dama-data-management-body-of-knowledge-dmbok/,standards,official_overview_not_book,primary venue or author repository of registered work,2026-09-08T18:27:19.223036+00:00,200,https://dama.org/learning-resources/dama-data-management-body-of-knowledge-dmbok/,text/html,research/corpus/standards/S01-d1e3a35a96.html,research/corpus/text/S01-d1e3a35a96.txt,327627,b622bf8aa043cd906009bf79480184a19c7e8a32c77fd1e38b8dda9700c59de5,downloaded,not_content_reviewed,
S01,https://dama.org/dmbok2r-infographics/,standards,official_open_figures_landing_page_not_book,primary venue or author repository of registered work,2026-09-08T18:27:19.282766+00:00,200,https://dama.org/dmbok2r-infographics/,text/html,research/corpus/standards/S01-0d621a234a.html,research/corpus/text/S01-0d621a234a.txt,374062,ceedda6cb0e202564ed02f28b163337672dd3b2059cc682683e6808d01b3719d,downloaded,not_content_reviewed,
L13,https://arxiv.org/pdf/2003.02320,papers,author_preprint,primary venue or author repository of registered work,2026-09-08T18:24:24.586678+00:00,200,https://arxiv.org/pdf/2003.02320,application/pdf,research/corpus/papers/L13-450441ea77.pdf,research/corpus/text/L13-450441ea77.txt,2376773,348d06999cd5fd039d31620f9552dba0ac34e9e16a614f88473a74591b9f438e,downloaded,not_content_reviewed,
L16,https://proceedings.neurips.cc/paper_files/paper/2020/file/6b493230205f780e1bc26945df7481e5-Paper.pdf,papers,linked_pdf_candidate_not_yet_screened,https://proceedings.neurips.cc/paper_files/paper/2020/hash/6b493230205f780e1bc26945df7481e5-Abstract.html,2026-09-08T18:22:08.349650+00:00,200,https://proceedings.neurips.cc/paper_files/paper/2020/file/6b493230205f780e1bc26945df7481e5-Paper.pdf,application/pdf,research/corpus/papers/L16-649aaeda18.pdf,research/corpus/text/L16-649aaeda18.txt,946122,720f67eb41aa49995d5fcf3d24ac7efe431fbe08ce109b14b5a9fa4d4ebe2f8b,downloaded,not_content_reviewed,
S13,https://www.forumstandaardisatie.nl/sites/default/files/2021-04/Intakeadvies%20MIM.pdf,standards,linked_pdf_candidate_not_yet_screened,https://www.forumstandaardisatie.nl/open-standaarden/mim,2026-09-08T18:22:03.768823+00:00,200,https://www.forumstandaardisatie.nl/sites/default/files/2021-04/Intakeadvies%20MIM.pdf,application/pdf,research/corpus/standards/S13-fa4dce9bb9.pdf,research/corpus/text/S13-fa4dce9bb9.txt,499669,3ca3a7b4630419031aae58e1650d5b757fdddd4933dfd4e6bc952e6e5d2c562b,downloaded,not_content_reviewed,
S13,https://www.forumstandaardisatie.nl/sites/default/files/2021-04/Expertadvies%20MIM.pdf,standards,linked_pdf_candidate_not_yet_screened,https://www.forumstandaardisatie.nl/open-standaarden/mim,2026-09-08T18:22:03.769067+00:00,200,https://www.forumstandaardisatie.nl/sites/default/files/2021-04/Expertadvies%20MIM.pdf,application/pdf,research/corpus/standards/S13-77bbf48061.pdf,research/corpus/text/S13-77bbf48061.txt,518270,ea97d6081e1c4f6d7977c81f37eb4946189ede73c125d5be2cf170751c984895,downloaded,not_content_reviewed,
S13,https://www.forumstandaardisatie.nl/sites/default/files/FS/2021/0609/FS-20210609.3D-Forumadvies-MIM.pdf,standards,linked_pdf_candidate_not_yet_screened,https://www.forumstandaardisatie.nl/open-standaarden/mim,2026-09-08T18:22:03.769248+00:00,200,https://www.forumstandaardisatie.nl/sites/default/files/FS/2021/0609/FS-20210609.3D-Forumadvies-MIM.pdf,application/pdf,research/corpus/standards/S13-0b3e7ab74f.pdf,research/corpus/text/S13-0b3e7ab74f.txt,181062,85ac8e60f7d4277040cb32b7c7144459e76ecbef8a1024fb43916d0fae60a80c,downloaded,not_content_reviewed,
S14,https://courses.media.mit.edu/2004spring/mas966/Ogden%20Richards%201923.pdf,standards,linked_pdf_candidate_not_yet_screened,https://docs.geostandaarden.nl/nl-sbb/def-st-nl-sbb-20241010/,2026-09-08T18:22:03.769437+00:00,200,https://courses.media.mit.edu/2004spring/mas966/Ogden%20Richards%201923.pdf,application/pdf,research/corpus/standards/S14-1745dabc73.pdf,research/corpus/text/S14-1745dabc73.txt,4660218,882e2bc3a843906cdb6bda520464907076e8138b91df0f100fc76da62c83f4a3,downloaded,not_content_reviewed,
S14,https://www.brsolutions.com/wp-content/uploads/2016/10/How-to-Define-Business-Terms-Primer.pdf,standards,linked_pdf_candidate_not_yet_screened,https://docs.geostandaarden.nl/nl-sbb/def-st-nl-sbb-20241010/,2026-09-08T18:27:26.488241+00:00,,,,,,,,failed,not_content_reviewed,HTTP Error 404: Not Found
S14,https://www.forumstandaardisatie.nl/sites/default/files/BFS/3-lijsten/standaarden/nl-sbb/20240619-intakeadvies-nl-sbb.pdf,standards,linked_pdf_candidate_not_yet_screened,https://www.forumstandaardisatie.nl/open-standaarden/nl-sbb,2026-09-08T18:22:03.769807+00:00,200,https://www.forumstandaardisatie.nl/sites/default/files/BFS/3-lijsten/standaarden/nl-sbb/20240619-intakeadvies-nl-sbb.pdf,application/pdf,research/corpus/standards/S14-0730fd0c87.pdf,research/corpus/text/S14-0730fd0c87.txt,204885,edc71f116d5d8f26971250a734a7228e7ee4108ee899d02ca6bbf7d30c1c135c,downloaded,not_content_reviewed,
S14,https://www.forumstandaardisatie.nl/sites/default/files/BFS/3-lijsten/standaarden/nl-sbb/20241120-Expertadvies-NL-SBB.pdf,standards,linked_pdf_candidate_not_yet_screened,https://www.forumstandaardisatie.nl/open-standaarden/nl-sbb,2026-09-08T18:22:03.944350+00:00,200,https://www.forumstandaardisatie.nl/sites/default/files/BFS/3-lijsten/standaarden/nl-sbb/20241120-Expertadvies-NL-SBB.pdf,application/pdf,research/corpus/standards/S14-0cdfab6e30.pdf,research/corpus/text/S14-0cdfab6e30.txt,340752,7f05787b08b579a92a83da1fd3b22abebee78fa9ceb8cc337705bf37c9ea9285,downloaded,not_content_reviewed,
S14,https://www.forumstandaardisatie.nl/sites/default/files/BFS/3-lijsten/standaarden/nl-sbb/20241223-verslag-reacties-consultatie-NL-SBB-plus-Memo-Reactie-KVK-internetconsultatie-NL-SBB.pdf,standards,linked_pdf_candidate_not_yet_screened,https://www.forumstandaardisatie.nl/open-standaarden/nl-sbb,2026-09-08T18:22:03.978444+00:00,200,https://www.forumstandaardisatie.nl/sites/default/files/BFS/3-lijsten/standaarden/nl-sbb/20241223-verslag-reacties-consultatie-NL-SBB-plus-Memo-Reactie-KVK-internetconsultatie-NL-SBB.pdf,application/pdf,research/corpus/standards/S14-6141e7f8dc.pdf,research/corpus/text/S14-6141e7f8dc.txt,251162,e21ca7e28abd412a0a8b945ded8e6515ba14e7bfd604c7898ea26d805498209c,downloaded,not_content_reviewed,
S15,https://www.forumstandaardisatie.nl/sites/default/files/BFS/3-lijsten/standaarden/mdto/20251210-Forumadvies-MDTO.pdf,standards,linked_pdf_candidate_not_yet_screened,https://www.forumstandaardisatie.nl/open-standaarden/tooi,2026-09-08T18:22:04.018278+00:00,200,https://www.forumstandaardisatie.nl/sites/default/files/BFS/3-lijsten/standaarden/mdto/20251210-Forumadvies-MDTO.pdf,application/pdf,research/corpus/standards/S15-da90555eb3.pdf,research/corpus/text/S15-da90555eb3.txt,443547,82efc2200f4f999714727730ad1f54f5efbf19c8b964ca8fea6c896f6a2cff28,downloaded,not_content_reviewed,
S15,https://www.forumstandaardisatie.nl/sites/default/files/BFS/3-lijsten/standaarden/tooi/20251210-Forumadvies-TOOI.pdf,standards,linked_pdf_candidate_not_yet_screened,https://www.forumstandaardisatie.nl/open-standaarden/tooi,2026-09-08T18:22:04.018569+00:00,200,https://www.forumstandaardisatie.nl/sites/default/files/BFS/3-lijsten/standaarden/tooi/20251210-Forumadvies-TOOI.pdf,application/pdf,research/corpus/standards/S15-e28a29fa03.pdf,research/corpus/text/S15-e28a29fa03.txt,236830,b7a62a828c28b144772ea9e3b5b4a56ccc39948b4c65a032a41ebf6e5a4acd24,downloaded,not_content_reviewed,
S15,https://www.forumstandaardisatie.nl/sites/default/files/BFS/3-lijsten/standaarden/tooi/20240920-intakeadvies-TOOI.pdf,standards,linked_pdf_candidate_not_yet_screened,https://www.forumstandaardisatie.nl/open-standaarden/tooi,2026-09-08T18:22:04.126589+00:00,200,https://www.forumstandaardisatie.nl/sites/default/files/BFS/3-lijsten/standaarden/tooi/20240920-intakeadvies-TOOI.pdf,application/pdf,research/corpus/standards/S15-3b1436b5c6.pdf,research/corpus/text/S15-3b1436b5c6.txt,268566,1e631310091ef8f564dd2cf5838abde7e4c67269c814bfac096dd4c08dab15ad,downloaded,not_content_reviewed,
S16,https://www.forumstandaardisatie.nl/sites/default/files/BFS/3-lijsten/standaarden/DCAT-AP-NL/20250924-Intakeadvies-DCAT-AP-NL-3.0.pdf,standards,linked_pdf_candidate_not_yet_screened,https://www.forumstandaardisatie.nl/open-standaarden/dcat-ap-nl,2026-09-08T18:22:04.146069+00:00,200,https://www.forumstandaardisatie.nl/sites/default/files/BFS/3-lijsten/standaarden/DCAT-AP-NL/20250924-Intakeadvies-DCAT-AP-NL-3.0.pdf,application/pdf,research/corpus/standards/S16-ba72e7592d.pdf,research/corpus/text/S16-ba72e7592d.txt,205861,72271109c83c2f88a1f3229385c3e511bc72795ca674bdc99acef80a36c85829,downloaded,not_content_reviewed,
S16,https://www.forumstandaardisatie.nl/sites/default/files/BFS/3-lijsten/standaarden/DCAT-AP-NL/20260323-Expertadvies-DCAT-AP-NL-versie-3.0.pdf,standards,linked_pdf_candidate_not_yet_screened,https://www.forumstandaardisatie.nl/open-standaarden/dcat-ap-nl,2026-09-08T18:22:04.197272+00:00,200,https://www.forumstandaardisatie.nl/sites/default/files/BFS/3-lijsten/standaarden/DCAT-AP-NL/20260323-Expertadvies-DCAT-AP-NL-versie-3.0.pdf,application/pdf,research/corpus/standards/S16-c4c5bddc7d.pdf,research/corpus/text/S16-c4c5bddc7d.txt,337624,9efb9de0c00d814f875086e39522b31960ab8a7d71297161d789cc1a569e0863,downloaded,not_content_reviewed,
S17,https://www.forumstandaardisatie.nl/sites/default/files/Downloads/Bijlagen%20OS/Geo-Standaarden/Intake-nieuwe-versie-Geo-standaarden-een-aanvraag-uitstekend-beheer.pdf,standards,linked_pdf_candidate_not_yet_screened,https://www.forumstandaardisatie.nl/open-standaarden/geo-standaarden,2026-09-08T18:22:04.214547+00:00,200,https://www.forumstandaardisatie.nl/sites/default/files/Downloads/Bijlagen%20OS/Geo-Standaarden/Intake-nieuwe-versie-Geo-standaarden-een-aanvraag-uitstekend-beheer.pdf,application/pdf,research/corpus/standards/S17-5de084bdde.pdf,research/corpus/text/S17-5de084bdde.txt,245476,585687601facdb35e86394a83003fc4e1a56cb8bc0cf283179f04dadb6c6e6f4,downloaded,not_content_reviewed,
S17,https://www.forumstandaardisatie.nl/sites/default/files/Downloads/Bijlagen%20OS/Geo-Standaarden/140731Expertadvies-geo-standaarden-v1.0.pdf,standards,linked_pdf_candidate_not_yet_screened,https://www.forumstandaardisatie.nl/open-standaarden/geo-standaarden,2026-09-08T18:22:04.283830+00:00,200,https://www.forumstandaardisatie.nl/sites/default/files/Downloads/Bijlagen%20OS/Geo-Standaarden/140731Expertadvies-geo-standaarden-v1.0.pdf,application/pdf,research/corpus/standards/S17-5093bbb8f7.pdf,research/corpus/text/S17-5093bbb8f7.txt,414116,b84a2fd407192774562d9a1d15f39c8126d961f9b9eaef8c94106ea0e98814d5,downloaded,not_content_reviewed,
S17,https://www.forumstandaardisatie.nl/sites/default/files/Downloads/Bijlagen%20OS/Geo-Standaarden/141015-Overzicht-reacties-consultatieronde-geo-standaarden-v1.0.pdf,standards,linked_pdf_candidate_not_yet_screened,https://www.forumstandaardisatie.nl/open-standaarden/geo-standaarden,2026-09-08T18:22:04.295872+00:00,200,https://www.forumstandaardisatie.nl/sites/default/files/Downloads/Bijlagen%20OS/Geo-Standaarden/141015-Overzicht-reacties-consultatieronde-geo-standaarden-v1.0.pdf,application/pdf,research/corpus/standards/S17-6ed0e17584.pdf,research/corpus/text/S17-6ed0e17584.txt,418695,29bf8ad3d19cdefde594e9567b46f99e142001e84b586b0ef7a2f58db2d2b151,downloaded,not_content_reviewed,
S18,https://gitdocumentatie.logius.nl/publicatie/api/adr/2.2.0/api-adr-2.2.0.pdf,standards,linked_pdf_candidate_not_yet_screened,https://gitdocumentatie.logius.nl/publicatie/api/adr/2.2.0/,2026-09-08T18:22:04.359034+00:00,200,https://gitdocumentatie.logius.nl/publicatie/api/adr/2.2.0/api-adr-2.2.0.pdf,application/pdf,research/corpus/standards/S18-4b09decc1e.pdf,research/corpus/text/S18-4b09decc1e.txt,845130,ccdf6377c8e8268eb3c0e510bdf8c650b211f61f5f55586240a9a48b9ac70fd6,downloaded,not_content_reviewed,
S18,https://www.forumstandaardisatie.nl/sites/default/files/Downloads/Bijlagen%20OS/REST%20API%20Design%20Rules/Intakeadvies_API_Design_Rules.pdf,standards,linked_pdf_candidate_not_yet_screened,https://www.forumstandaardisatie.nl/open-standaarden/rest-api-design-rules,2026-09-08T18:22:04.404507+00:00,200,https://www.forumstandaardisatie.nl/sites/default/files/Downloads/Bijlagen%20OS/REST%20API%20Design%20Rules/Intakeadvies_API_Design_Rules.pdf,application/pdf,research/corpus/standards/S18-b75c68c922.pdf,research/corpus/text/S18-b75c68c922.txt,215572,6daa787f2eeff2345ef8f069ef56de180bdfe404d544fea2f8ed2e51f25dbe7f,downloaded,not_content_reviewed,
S18,https://www.forumstandaardisatie.nl/sites/default/files/Downloads/Bijlagen%20OS/REST%20API%20Design%20Rules/Expertadvies-standaard-REST-API-Design-Rules-1.0.pdf,standards,linked_pdf_candidate_not_yet_screened,https://www.forumstandaardisatie.nl/open-standaarden/rest-api-design-rules,2026-09-08T18:22:04.496967+00:00,200,https://www.forumstandaardisatie.nl/sites/default/files/Downloads/Bijlagen%20OS/REST%20API%20Design%20Rules/Expertadvies-standaard-REST-API-Design-Rules-1.0.pdf,application/pdf,research/corpus/standards/S18-6c657f9cae.pdf,research/corpus/text/S18-6c657f9cae.txt,430386,33c39ec2752be9df59d720c054953c125c0a2b750d3890693f982f0de7c6b590,downloaded,not_content_reviewed,
S18,https://www.forumstandaardisatie.nl/sites/default/files/2020-06/Forumadvies-REST-API-Design-Rules.pdf,standards,linked_pdf_candidate_not_yet_screened,https://www.forumstandaardisatie.nl/open-standaarden/rest-api-design-rules,2026-09-08T18:22:04.594873+00:00,200,https://www.forumstandaardisatie.nl/sites/default/files/2020-06/Forumadvies-REST-API-Design-Rules.pdf,application/pdf,research/corpus/standards/S18-39355f08d3.pdf,research/corpus/text/S18-39355f08d3.txt,193275,5cd9343a99ea0488b6a93049f89cdec12673985743070c5544c109a9e461e9f4,downloaded,not_content_reviewed,
S19,https://www.forumstandaardisatie.nl/sites/default/files/FS/2023/0614/FS-20230614.3-Oplegnotitie-Open-Standaarden-Lijsten.pdf,standards,linked_pdf_candidate_not_yet_screened,https://www.forumstandaardisatie.nl/open-standaarden/openapi-specification,2026-09-08T18:22:04.648200+00:00,200,https://www.forumstandaardisatie.nl/sites/default/files/FS/2023/0614/FS-20230614.3-Oplegnotitie-Open-Standaarden-Lijsten.pdf,application/pdf,research/corpus/standards/S19-cdd4c39a35.pdf,research/corpus/text/S19-cdd4c39a35.txt,252366,eaa7dd505cac5328287d8c38bcee1dc29bf7ed4aa677df52a4415f8c75a3f09e,downloaded,not_content_reviewed,
S19,https://www.forumstandaardisatie.nl/sites/default/files/Downloads/Bijlagen%20OS/OpenAPI%20Specification/20180222-Expertadvies-Open-API-Specification-0.pdf,standards,linked_pdf_candidate_not_yet_screened,https://www.forumstandaardisatie.nl/open-standaarden/openapi-specification,2026-09-08T18:22:04.666451+00:00,200,https://www.forumstandaardisatie.nl/sites/default/files/Downloads/Bijlagen%20OS/OpenAPI%20Specification/20180222-Expertadvies-Open-API-Specification-0.pdf,application/pdf,research/corpus/standards/S19-baaa5dc878.pdf,research/corpus/text/S19-baaa5dc878.txt,875816,f919a0b642f3ee1c183f6da2f5be5813b3db7912627afc30fcd3b497e3423de7,downloaded,not_content_reviewed,
S19,https://www.forumstandaardisatie.nl/sites/default/files/Downloads/Bijlagen%20OS/OpenAPI%20Specification/20180401-Reacties-uit-openbare-consultatie-OAS-3.0.pdf,standards,linked_pdf_candidate_not_yet_screened,https://www.forumstandaardisatie.nl/open-standaarden/openapi-specification,2026-09-08T18:22:04.754428+00:00,200,https://www.forumstandaardisatie.nl/sites/default/files/Downloads/Bijlagen%20OS/OpenAPI%20Specification/20180401-Reacties-uit-openbare-consultatie-OAS-3.0.pdf,application/pdf,research/corpus/standards/S19-9a7f7c3b6f.pdf,research/corpus/text/S19-9a7f7c3b6f.txt,104786,8af5e54fe9f78cadb366e7c841911b6fe6868bc425c8907acc6c66738e02c5a1,downloaded,not_content_reviewed,
S20,https://www.forumstandaardisatie.nl/sites/default/files/BFS/3-lijsten/standaarden/Digikoppeling/20251028-Aanvullend-onderzoek-Digikoppeling-met-Federated-Service-Connectivity-FSC.pdf,standards,linked_pdf_candidate_not_yet_screened,https://www.forumstandaardisatie.nl/open-standaarden/digikoppeling,2026-09-08T18:22:04.767172+00:00,200,https://www.forumstandaardisatie.nl/sites/default/files/BFS/3-lijsten/standaarden/Digikoppeling/20251028-Aanvullend-onderzoek-Digikoppeling-met-Federated-Service-Connectivity-FSC.pdf,application/pdf,research/corpus/standards/S20-0e78ec93f1.pdf,research/corpus/text/S20-0e78ec93f1.txt,282084,5198f92b65ffc213aad498dc7b3abded6a7a36e5469f083245853aed1c79a0ad,downloaded,not_content_reviewed,
S20,https://www.forumstandaardisatie.nl/sites/default/files/BFS/3-lijsten/standaarden/Digikoppeling/20260513-Versiewijziging-Digikoppeling-naar-versie-release-21-april-2026-Uitstekend-beheer.pdf,standards,linked_pdf_candidate_not_yet_screened,https://www.forumstandaardisatie.nl/open-standaarden/digikoppeling,2026-09-08T18:22:04.886495+00:00,200,https://www.forumstandaardisatie.nl/sites/default/files/BFS/3-lijsten/standaarden/Digikoppeling/20260513-Versiewijziging-Digikoppeling-naar-versie-release-21-april-2026-Uitstekend-beheer.pdf,application/pdf,research/corpus/standards/S20-985cf4a524.pdf,research/corpus/text/S20-985cf4a524.txt,158636,fa85a9e4506b05fe0e542ca5e251a0a24e0df957ee97a958dbd2b68218f5996e,downloaded,not_content_reviewed,
S21,https://gitdocumentatie.logius.nl/publicatie/fsc/core/2.0.0/fsc-core-2.0.0.pdf,standards,linked_pdf_candidate_not_yet_screened,https://gitdocumentatie.logius.nl/publicatie/fsc/core/2.0.0/,2026-09-08T18:22:04.925509+00:00,200,https://gitdocumentatie.logius.nl/publicatie/fsc/core/2.0.0/fsc-core-2.0.0.pdf,application/pdf,research/corpus/standards/S21-50a714a36b.pdf,research/corpus/text/S21-50a714a36b.txt,1030475,c78eb94cfc6415bea5933208974741f62850fc0c57af8bb80b2583b4b1cc155c,downloaded,not_content_reviewed,
S21,https://www.forumstandaardisatie.nl/sites/default/files/BFS/3-lijsten/standaarden/Digikoppeling/20251028-Aanvullend-onderzoek-Digikoppeling-met-Federated-Service-Connectivity-FSC.pdf,standards,linked_pdf_candidate_not_yet_screened,https://www.forumstandaardisatie.nl/open-standaarden/digikoppeling,2026-09-08T18:22:04.986766+00:00,200,https://www.forumstandaardisatie.nl/sites/default/files/BFS/3-lijsten/standaarden/Digikoppeling/20251028-Aanvullend-onderzoek-Digikoppeling-met-Federated-Service-Connectivity-FSC.pdf,application/pdf,research/corpus/standards/S21-0e78ec93f1.pdf,research/corpus/text/S21-0e78ec93f1.txt,282084,5198f92b65ffc213aad498dc7b3abded6a7a36e5469f083245853aed1c79a0ad,downloaded,not_content_reviewed,
S21,https://www.forumstandaardisatie.nl/sites/default/files/BFS/3-lijsten/standaarden/Digikoppeling/20260513-Versiewijziging-Digikoppeling-naar-versie-release-21-april-2026-Uitstekend-beheer.pdf,standards,linked_pdf_candidate_not_yet_screened,https://www.forumstandaardisatie.nl/open-standaarden/digikoppeling,2026-09-08T18:22:05.018413+00:00,200,https://www.forumstandaardisatie.nl/sites/default/files/BFS/3-lijsten/standaarden/Digikoppeling/20260513-Versiewijziging-Digikoppeling-naar-versie-release-21-april-2026-Uitstekend-beheer.pdf,application/pdf,research/corpus/standards/S21-985cf4a524.pdf,research/corpus/text/S21-985cf4a524.txt,158636,fa85a9e4506b05fe0e542ca5e251a0a24e0df957ee97a958dbd2b68218f5996e,downloaded,not_content_reviewed,
S22,https://gitdocumentatie.logius.nl/publicatie/notificatieservices/cloudevents-nl/1.1/notificatieservices-cloudevents-nl-1.1.pdf,standards,linked_pdf_candidate_not_yet_screened,https://gitdocumentatie.logius.nl/publicatie/notificatieservices/cloudevents-nl/1.1/,2026-09-08T18:22:05.096600+00:00,200,https://gitdocumentatie.logius.nl/publicatie/notificatieservices/cloudevents-nl/1.1/notificatieservices-cloudevents-nl-1.1.pdf,application/pdf,research/corpus/standards/S22-fd2dc91916.pdf,research/corpus/text/S22-fd2dc91916.txt,615981,d1d5d3aef189a20fa017d9a230a59a3ad12b147e4a104dbc605abe01cb754b8b,downloaded,not_content_reviewed,
S22,https://www.forumstandaardisatie.nl/sites/default/files/BFS/3-lijsten/standaarden/cloudevents/20241204-intakeadvies-NL-GOV-profile-for-CloudEvents.pdf,standards,linked_pdf_candidate_not_yet_screened,https://www.forumstandaardisatie.nl/open-standaarden/nl-gov-profile-cloudevents,2026-09-08T18:22:05.240545+00:00,200,https://www.forumstandaardisatie.nl/sites/default/files/BFS/3-lijsten/standaarden/cloudevents/20241204-intakeadvies-NL-GOV-profile-for-CloudEvents.pdf,application/pdf,research/corpus/standards/S22-c79435ac13.pdf,research/corpus/text/S22-c79435ac13.txt,189466,74e09099dd2f1669f254b23ca8645ce8cd1f8701e883e0c659b803c426d87325,downloaded,not_content_reviewed,
S22,https://www.forumstandaardisatie.nl/sites/default/files/BFS/3-lijsten/standaarden/cloudevents/20250619-Expertadvies-NL-GOV-profile-for-CloudEvents.pdf,standards,linked_pdf_candidate_not_yet_screened,https://www.forumstandaardisatie.nl/open-standaarden/nl-gov-profile-cloudevents,2026-09-08T18:22:05.253662+00:00,200,https://www.forumstandaardisatie.nl/sites/default/files/BFS/3-lijsten/standaarden/cloudevents/20250619-Expertadvies-NL-GOV-profile-for-CloudEvents.pdf,application/pdf,research/corpus/standards/S22-4a145941bf.pdf,research/corpus/text/S22-4a145941bf.txt,322851,a8acb1db71ae2f243a8b161953beeae3f3ffe2e53aea60ee5744110f31402d71,downloaded,not_content_reviewed,
S22,https://www.forumstandaardisatie.nl/sites/default/files/BFS/3-lijsten/standaarden/cloudevents/20250815-verslag-reacties-consultatie-NL-GOV-profile-for-CloudEvents.pdf,standards,linked_pdf_candidate_not_yet_screened,https://www.forumstandaardisatie.nl/open-standaarden/nl-gov-profile-cloudevents,2026-09-08T18:22:05.263532+00:00,200,https://www.forumstandaardisatie.nl/sites/default/files/BFS/3-lijsten/standaarden/cloudevents/20250815-verslag-reacties-consultatie-NL-GOV-profile-for-CloudEvents.pdf,application/pdf,research/corpus/standards/S22-b9b4ba3a84.pdf,research/corpus/text/S22-b9b4ba3a84.txt,157244,f75dbe93de631e1d8a381636e1bc7e355b94b3a52e749a5737ef91a534f5fca5,downloaded,not_content_reviewed,
S23,https://gitdocumentatie.logius.nl/publicatie/bomos/fundament/3.0.2/bomos-fundament-3.0.2.pdf,standards,linked_pdf_candidate_not_yet_screened,https://gitdocumentatie.logius.nl/publicatie/bomos/fundament/3.0.2/,2026-09-08T18:22:05.353418+00:00,200,https://gitdocumentatie.logius.nl/publicatie/bomos/fundament/3.0.2/bomos-fundament-3.0.2.pdf,application/pdf,research/corpus/standards/S23-24398fa326.pdf,research/corpus/text/S23-24398fa326.txt,1055261,aa99f7bc364cb906cb75f0658428c0b50da0abab29a33e328cddda53a545e2b9,downloaded,not_content_reviewed,
S24,https://www.forumstandaardisatie.nl/sites/default/files/BFS/3-lijsten/standaarden/mdto/20251210-Forumadvies-MDTO.pdf,standards,linked_pdf_candidate_not_yet_screened,https://www.forumstandaardisatie.nl/open-standaarden/mdto,2026-09-08T18:22:05.421145+00:00,200,https://www.forumstandaardisatie.nl/sites/default/files/BFS/3-lijsten/standaarden/mdto/20251210-Forumadvies-MDTO.pdf,application/pdf,research/corpus/standards/S24-da90555eb3.pdf,research/corpus/text/S24-da90555eb3.txt,443547,82efc2200f4f999714727730ad1f54f5efbf19c8b964ca8fea6c896f6a2cff28,downloaded,not_content_reviewed,
S24,https://www.forumstandaardisatie.nl/sites/default/files/BFS/3-lijsten/standaarden/tooi/20251210-Forumadvies-TOOI.pdf,standards,linked_pdf_candidate_not_yet_screened,https://www.forumstandaardisatie.nl/open-standaarden/mdto,2026-09-08T18:22:05.469285+00:00,200,https://www.forumstandaardisatie.nl/sites/default/files/BFS/3-lijsten/standaarden/tooi/20251210-Forumadvies-TOOI.pdf,application/pdf,research/corpus/standards/S24-e28a29fa03.pdf,research/corpus/text/S24-e28a29fa03.txt,236830,b7a62a828c28b144772ea9e3b5b4a56ccc39948b4c65a032a41ebf6e5a4acd24,downloaded,not_content_reviewed,
S24,https://www.forumstandaardisatie.nl/sites/default/files/BFS/3-lijsten/standaarden/mdto/20240920-intakeadvies-MDTO.pdf,standards,linked_pdf_candidate_not_yet_screened,https://www.forumstandaardisatie.nl/open-standaarden/mdto,2026-09-08T18:22:05.473642+00:00,200,https://www.forumstandaardisatie.nl/sites/default/files/BFS/3-lijsten/standaarden/mdto/20240920-intakeadvies-MDTO.pdf,application/pdf,research/corpus/standards/S24-dca51b05ac.pdf,research/corpus/text/S24-dca51b05ac.txt,231273,d32ff8651c19e79b54e8e5acaf7e41e94cbd70ffa7d713dbf853aecd89bc21c9,downloaded,not_content_reviewed,
S25,https://zoek.officielebekendmakingen.nl/kst-26387-18.pdf,standards,linked_pdf_candidate_not_yet_screened,https://zoek.officielebekendmakingen.nl/kst-26387-18.html,2026-09-08T18:22:05.544266+00:00,200,https://zoek.officielebekendmakingen.nl/kst-26387-18.pdf,application/pdf,research/corpus/standards/S25-14a60ab585.pdf,research/corpus/text/S25-14a60ab585.txt,51080,f7cd8bf30d05552a1a12d3c3449858180ab53068488f1e21bd9cf6549e01abd2,downloaded,not_content_reviewed,
S30,https://www.w3.org/2012/pdf/REC-owl2-overview-20121211.pdf,standards,linked_pdf_candidate_not_yet_screened,https://www.w3.org/TR/owl2-overview/,2026-09-08T18:22:05.620276+00:00,200,https://www.w3.org/2012/pdf/REC-owl2-overview-20121211.pdf,application/pdf; qs=0.001,research/corpus/standards/S30-dbe743d6a1.pdf,research/corpus/text/S30-dbe743d6a1.txt,228774,34984475fcaa5b5e8b7a71694853769ae3482ef0623afa315ba65bd20788d1ac,downloaded,not_content_reviewed,
S31,https://www.forumstandaardisatie.nl/sites/default/files/FS/2017/0419/FS-20170419.02D-Advies-verduidelijking-toepassingsgebieden-v1-0.pdf,standards,linked_pdf_candidate_not_yet_screened,https://www.forumstandaardisatie.nl/open-standaarden/skos,2026-09-08T18:22:05.662355+00:00,200,https://www.forumstandaardisatie.nl/sites/default/files/FS/2017/0419/FS-20170419.02D-Advies-verduidelijking-toepassingsgebieden-v1-0.pdf,application/pdf,research/corpus/standards/S31-7aa218897e.pdf,research/corpus/text/S31-7aa218897e.txt,1677670,1950ec727756f91467f1d2148269479fb7da528a114959d54eca8e6a621be792,downloaded,not_content_reviewed,
S31,https://www.forumstandaardisatie.nl/sites/default/files/Downloads/Bijlagen%20OS/SKOS/Aanmelding_SKOS.pdf,standards,linked_pdf_candidate_not_yet_screened,https://www.forumstandaardisatie.nl/open-standaarden/skos,2026-09-08T18:22:05.673926+00:00,200,https://www.forumstandaardisatie.nl/sites/default/files/Downloads/Bijlagen%20OS/SKOS/Aanmelding_SKOS.pdf,application/pdf,research/corpus/standards/S31-09b705c8a9.pdf,research/corpus/text/S31-09b705c8a9.txt,525604,c42da1ccfa1caa2c1a33d638268302863765be5389865c8230eb09290d4c601b,downloaded,not_content_reviewed,
S31,https://www.forumstandaardisatie.nl/sites/default/files/Downloads/Bijlagen%20OS/SKOS/Advies-Nationaal-Beraad-SKOS.pdf,standards,linked_pdf_candidate_not_yet_screened,https://www.forumstandaardisatie.nl/open-standaarden/skos,2026-09-08T18:22:05.691735+00:00,200,https://www.forumstandaardisatie.nl/sites/default/files/Downloads/Bijlagen%20OS/SKOS/Advies-Nationaal-Beraad-SKOS.pdf,application/pdf,research/corpus/standards/S31-497e932721.pdf,research/corpus/text/S31-497e932721.txt,2968888,5d867123e417b927cc9387ef68d481a8bd0f9ee66a28350ba926f7e7e0e3f0c8,downloaded,not_content_reviewed,
S34,http://ceur-ws.org/Vol-1184/ldow2014_paper_09.pdf,standards,linked_pdf_candidate_not_yet_screened,https://www.w3.org/TR/vocab-dqv/,2026-09-08T18:22:05.709693+00:00,200,https://ceur-ws.org/Vol-1184/ldow2014_paper_09.pdf,application/pdf,research/corpus/standards/S34-548f7b8f1f.pdf,research/corpus/text/S34-548f7b8f1f.txt,456506,a8288cbe66925453e60694f92ed0c96537382a4a5693c9d832e7b63b85111b9a,downloaded,not_content_reviewed,
S34,http://ceur-ws.org/Vol-1376/LDQ2015_paper_01.pdf,standards,linked_pdf_candidate_not_yet_screened,https://www.w3.org/TR/vocab-dqv/,2026-09-08T18:22:05.748201+00:00,200,https://ceur-ws.org/Vol-1376/LDQ2015_paper_01.pdf,application/pdf,research/corpus/standards/S34-f1caec08f5.pdf,research/corpus/text/S34-f1caec08f5.txt,515369,e7d71b26459d5b9912a1ae3185d4a8db4ff5eac1e04a28ef1fec3734abfff24c,downloaded,not_content_reviewed,
S37,http://nvlpubs.nist.gov/nistpubs/jres/109/2/j92cur.pdf,standards,linked_pdf_candidate_not_yet_screened,https://www.w3.org/TR/2017/REC-owl-time-20171019/,2026-09-08T18:22:06.071595+00:00,200,https://nvlpubs.nist.gov/nistpubs/jres/109/2/j92cur.pdf,application/pdf,research/corpus/standards/S37-af6f73b249.pdf,research/corpus/text/S37-af6f73b249.txt,3828563,4b4a92769afbe16179d968c9da8599cc48ae1bf250e385e20ab3f3e19eff5c1b,downloaded,not_content_reviewed,
S38,https://www.giac.org/practical/gsec/Richard_Siedzik_GSEC.pdf,standards,linked_pdf_candidate_not_yet_screened,https://www.rfc-editor.org/info/rfc3986/,2026-09-08T18:27:26.489752+00:00,,,,,,,,failed,not_content_reviewed,HTTP Error 404: Not Found
S38,http://www.ifi.unizh.ch/mml/mduerst/papers/PDF/IUC11-UTF-8.pdf,standards,linked_pdf_candidate_not_yet_screened,https://www.rfc-editor.org/info/rfc3987/,2026-09-08T18:27:26.489871+00:00,,,,,,,,failed,not_content_reviewed,<urlopen error [Errno -2] Name or service not known>
S39,http://www.dfki.uni-kl.de/dfkidok/publications/TM/07/01/tm-07-01.pdf,standards,linked_pdf_candidate_not_yet_screened,https://www.w3.org/TR/cooluris/,2026-09-08T18:27:26.489980+00:00,,,,,,,,failed,not_content_reviewed,HTTP Error 404: Not Found
S39,http://www.aifb.uni-karlsruhe.de/WBS/hha/papers/SemanticWikipedia.pdf,standards,linked_pdf_candidate_not_yet_screened,https://www.w3.org/TR/cooluris/,2026-09-08T18:27:26.490152+00:00,,,,,,,,failed,not_content_reviewed,<urlopen error [Errno -2] Name or service not known>
S44,https://docs.swedenconnect.se/technical-framework/mirror/eidas/eIDAS_SAML_Attribute_Profile_v1.2-FINAL.pdf#page=5,standards,linked_pdf_candidate_not_yet_screened,https://semiceu.github.io/Core-Person-Vocabulary/releases/2.1.1/,2026-09-08T18:22:06.371603+00:00,200,https://docs.swedenconnect.se/technical-framework/mirror/eidas/eIDAS_SAML_Attribute_Profile_v1.2-FINAL.pdf#page=5,application/pdf,research/corpus/standards/S44-a30af85bb2.pdf,research/corpus/text/S44-a30af85bb2.txt,290747,e0c3b548d6811ab0d3113dbcde33f0edffa848dae72d7f83fa56284a6053322c,downloaded,not_content_reviewed,
S44,https://www.oecd.org/gov/48250728.pdf,standards,linked_pdf_candidate_not_yet_screened,https://semiceu.github.io/CPOV/releases/2.1.1/,2026-09-08T18:22:06.373632+00:00,200,https://www.oecd.org/en/about/directorates/directorate-for-public-governance.html,text/html;charset=utf-8,research/corpus/standards/S44-5f6b4c1788.html,research/corpus/text/S44-5f6b4c1788.txt,1514578,c53d7f7d39b54ba8bb2e169586eafd49ababe7a6e043c4f4815982d9b66f434c,downloaded,not_content_reviewed,
S45,https://interoperable-europe.ec.europa.eu/sites/default/files/event/attachment/2025-03/20250204%20Meeting%20Minutes%20webinar%20on%20DCAT-AP_1.pdf,standards,linked_pdf_candidate_not_yet_screened,https://semiceu.github.io/DCAT-AP/releases/3.0.1/,2026-09-08T18:22:06.413508+00:00,200,https://interoperable-europe.ec.europa.eu/sites/default/files/event/attachment/2025-03/20250204%20Meeting%20Minutes%20webinar%20on%20DCAT-AP_1.pdf,application/pdf,research/corpus/standards/S45-b7032f81eb.pdf,research/corpus/text/S45-b7032f81eb.txt,366541,64d0665121f4892f11fceaff4494a21ec1e6fcb8dc1720b452ddb0d2390b5aef,downloaded,not_content_reviewed,
S45,https://interoperable-europe.ec.europa.eu/sites/default/files/event/attachment/2025-03/Webinar%20DCAT-AP%2020250204%20v1.0.pdf,standards,linked_pdf_candidate_not_yet_screened,https://semiceu.github.io/DCAT-AP/releases/3.0.1/,2026-09-08T18:22:06.437414+00:00,200,https://interoperable-europe.ec.europa.eu/sites/default/files/event/attachment/2025-03/Webinar%20DCAT-AP%2020250204%20v1.0.pdf,application/pdf,research/corpus/standards/S45-02e4c77c15.pdf,research/corpus/text/S45-02e4c77c15.txt,2272800,822a1c1d960d4dc15cd8170edfa154e54c69eacf4b65819fef031e95ae6b0c33,downloaded,not_content_reviewed,
S45,http://www.oclc.org/content/dam/oclc/dewey/versions/print/intro.pdf,standards,linked_pdf_candidate_not_yet_screened,https://semiceu.github.io/DCAT-AP/releases/3.0.1/,2026-09-08T18:22:06.669510+00:00,200,https://www.oclc.org/content/dam/oclc/dewey/versions/print/intro.pdf,application/pdf,research/corpus/standards/S45-4bd0aa76af.pdf,research/corpus/text/S45-4bd0aa76af.txt,325929,bd43c6f9a25a22aa4b07ac8bfa622847a729df3789ec7c347f6d515af404f57b,downloaded,not_content_reviewed,
S46,https://www.nature.com/articles/sdata201618.pdf,standards,linked_pdf_candidate_not_yet_screened,https://www.nature.com/articles/sdata201618,2026-09-08T18:22:06.755731+00:00,200,https://www.nature.com/articles/sdata201618.pdf?error=cookies_not_supported&code=3c90871d-41d9-41d8-a539-9c0529ec585a,application/pdf,research/corpus/standards/S46-04815b51c3.pdf,research/corpus/text/S46-04815b51c3.txt,254899,cdddd9f4808f7e3e1f013139c3915ef4d7cdccb008fa947ef5f72b4c7b6ffde7,downloaded,not_content_reviewed,
S46,http://datasealofapproval.org/media/filer_public/2013/09/27/guidelines_2014-2015.pdf,standards,linked_pdf_candidate_not_yet_screened,https://www.nature.com/articles/sdata201618,2026-09-08T18:27:26.490417+00:00,,,,,,,,failed,not_content_reviewed,<urlopen error timed out>
S49,https://www.geobasisregistraties.nl/site/binaries/site-content/collections/documents/2018/03/12/catalogus-2018/Catalogus-BAG-2018.pdf,standards,linked_pdf_candidate_not_yet_screened,https://www.geobasisregistraties.nl/documenten/2018/03/12/catalogus-2018,2026-09-08T18:22:06.952981+00:00,200,https://www.geobasisregistraties.nl/site/binaries/site-content/collections/documents/2018/03/12/catalogus-2018/Catalogus-BAG-2018.pdf,application/pdf;charset=UTF-8,research/corpus/standards/S49-9103689552.pdf,research/corpus/text/S49-9103689552.txt,2936923,c310bf202a34e5df287789748874857857c8fb6138bddb586b5b55ecd96bc525,downloaded,not_content_reviewed,
L05,https://link.springer.com/content/pdf/10.1007/s10257-011-0178-0.pdf,papers,linked_pdf_candidate_not_yet_screened,https://doi.org/10.1007/s10257-011-0178-0,2026-09-08T18:22:07.490156+00:00,200,https://link.springer.com/article/10.1007/s10257-011-0178-0?error=cookies_not_supported&code=340b961d-8b2e-457e-9099-7211fc3e48f1,text/html; charset=utf-8,research/corpus/papers/L05-6d51c298a0.html,research/corpus/text/L05-6d51c298a0.txt,359306,97750d549f43673d0e081161cd21b9d2f68fdaeb4c0a4d4f6e4d5a051b005a91,downloaded,not_content_reviewed,
L07,https://www.sciencedirect.com/science/article/pii/S0268401219300787,papers,linked_pdf_candidate_not_yet_screened,https://www.wi.uni-muenster.de/research/publications/86740390,2026-09-08T18:27:26.493699+00:00,,,,,,,,failed,not_content_reviewed,HTTP Error 403: Forbidden
L08,https://research.utwente.nl/files/6042428/thesis_Guizzardi.pdf,papers,linked_pdf_candidate_not_yet_screened,https://research.utwente.nl/en/publications/ontological-foundations-for-structural-conceptual-models/,2026-09-08T18:27:26.496570+00:00,,,,,,,,failed,not_content_reviewed,HTTP Error 403: Forbidden
L11,https://www.nature.com/articles/sdata201618.pdf,papers,linked_pdf_candidate_not_yet_screened,https://doi.org/10.1038/sdata.2016.18,2026-09-08T18:22:07.895579+00:00,200,https://www.nature.com/articles/sdata201618.pdf?error=cookies_not_supported&code=5efbd365-3aa8-4a4b-9a60-49923fd5ba46,application/pdf,research/corpus/papers/L11-04815b51c3.pdf,research/corpus/text/L11-04815b51c3.txt,254899,cdddd9f4808f7e3e1f013139c3915ef4d7cdccb008fa947ef5f72b4c7b6ffde7,downloaded,not_content_reviewed,
L11,http://datasealofapproval.org/media/filer_public/2013/09/27/guidelines_2014-2015.pdf,papers,linked_pdf_candidate_not_yet_screened,https://doi.org/10.1038/sdata.2016.18,2026-09-08T18:27:26.531828+00:00,,,,,,,,failed,not_content_reviewed,<urlopen error timed out>
L12,https://link.springer.com/content/pdf/10.1007/s12599-024-00876-5.pdf,papers,linked_pdf_candidate_not_yet_screened,https://doi.org/10.1007/s12599-024-00876-5,2026-09-08T18:22:08.255525+00:00,200,https://link.springer.com/content/pdf/10.1007/s12599-024-00876-5.pdf?error=cookies_not_supported&code=b25db619-ab52-400a-978a-59f0a9d5c26f,application/pdf,research/corpus/papers/L12-296d8d70e7.pdf,research/corpus/text/L12-296d8d70e7.txt,482219,cbaf51a1213c491cf66e6a54d79a2ebd26e5a6671d02fa6b75341bf2da51a053,downloaded,not_content_reviewed,
L16,https://proceedings.neurips.cc/paper_files/paper/2020/file/6b493230205f780e1bc26945df7481e5-AuthorFeedback.pdf,papers,linked_pdf_candidate_not_yet_screened,https://proceedings.neurips.cc/paper_files/paper/2020/hash/6b493230205f780e1bc26945df7481e5-Abstract.html,2026-09-08T18:22:08.547606+00:00,200,https://proceedings.neurips.cc/paper_files/paper/2020/file/6b493230205f780e1bc26945df7481e5-AuthorFeedback.pdf,application/pdf,research/corpus/papers/L16-5e2e785f15.pdf,research/corpus/text/L16-5e2e785f15.txt,54787,af0fcf903aa006b4d0b6bf7e79f896745203c402569f43714f79730d3fab3b58,downloaded,not_content_reviewed,
L19,https://informatica.vu.lt/journal/INFORMATICA/article/1311/file/pdf,papers,linked_pdf_candidate_not_yet_screened,https://doi.org/10.15388/23-INFOR534,2026-09-08T18:22:08.759061+00:00,200,https://informatica.vu.lt/journal/INFORMATICA/article/1311/file/pdf,application/pdf,research/corpus/papers/L19-a9de6de4c9.pdf,research/corpus/text/L19-a9de6de4c9.txt,774722,b2b509f96c48a2545d64c49fee1ede75d189e9c093fd3c572ae27caba04e975a,downloaded,not_content_reviewed,
B06,https://people.cs.uct.ac.za/~mkeet/files/OEbookV1.pdf,books,linked_pdf_candidate_not_yet_screened,https://people.cs.uct.ac.za/~mkeet/OEbook/,2026-09-08T18:24:27.568346+00:00,200,https://people.cs.uct.ac.za/~mkeet/files/OEbookV1.pdf,application/pdf,research/corpus/books/B06-91ada3dd8d.pdf,research/corpus/text/B06-91ada3dd8d.txt,7269567,eb88b4d4d99b367dda8dedefb76ffbc99d149c6b41443bbdc8bd88064a8ae2d9,downloaded,not_content_reviewed,
B06,https://people.cs.uct.ac.za/~mkeet/OEbook/OEWorkBook.pdf,books,linked_pdf_candidate_not_yet_screened,https://people.cs.uct.ac.za/~mkeet/OEbook/,2026-09-08T18:24:27.584335+00:00,200,https://people.cs.uct.ac.za/~mkeet/OEbook/OEWorkBook.pdf,application/pdf,research/corpus/books/B06-7e4130ea74.pdf,research/corpus/text/B06-7e4130ea74.txt,3341164,9c1ff5b09e7bdeb80469b43c5ceec19700683774aa05b5db6afacef6dba9b17f,downloaded,not_content_reviewed,
B07,http://ceur-ws.org/Vol-538/ldow2009_paper20.pdf,books,linked_pdf_candidate_not_yet_screened,https://kgbook.org/,2026-09-08T18:24:28.231574+00:00,200,https://ceur-ws.org/Vol-538/ldow2009_paper20.pdf,application/pdf,research/corpus/books/B07-36c77dd26b.pdf,research/corpus/text/B07-36c77dd26b.txt,2040431,cec3d28a1c15794c75c513d805c3898a848336182a8f7bfca20189f7172da405,downloaded,not_content_reviewed,
B07,http://ceur-ws.org/Vol-2369/paper01.pdf,books,linked_pdf_candidate_not_yet_screened,https://kgbook.org/,2026-09-08T18:24:28.616735+00:00,200,https://ceur-ws.org/Vol-2369/paper01.pdf,application/pdf,research/corpus/books/B07-f3f5c40b92.pdf,research/corpus/text/B07-f3f5c40b92.txt,356154,4b98b5b4eb9a438ca24b8aba95e51b86dc3570cb026e0d06573d260c3d2bb42c,downloaded,not_content_reviewed,
B07,http://ceur-ws.org/Vol-2100/paper26.pdf,books,linked_pdf_candidate_not_yet_screened,https://kgbook.org/,2026-09-08T18:24:28.899068+00:00,200,https://ceur-ws.org/Vol-2100/paper26.pdf,application/pdf,research/corpus/books/B07-e6a972a29a.pdf,research/corpus/text/B07-e6a972a29a.txt,680900,f9450e9dcbf2781ae7318bc3b5721a86848a7da76e97f02f5926e04df84bc84c,downloaded,not_content_reviewed,
L24,https://link.springer.com/content/pdf/10.1007/s10257-025-00707-4.pdf,papers,linked_pdf_candidate_not_yet_screened,https://link.springer.com/article/10.1007/s10257-025-00707-4,2026-09-08T18:24:29.671409+00:00,200,https://link.springer.com/content/pdf/10.1007/s10257-025-00707-4.pdf?error=cookies_not_supported&code=e94beb62-8f4f-42cb-983a-77542cb1a152,application/pdf,research/corpus/papers/L24-fc9d53d5bb.pdf,research/corpus/text/L24-fc9d53d5bb.txt,1203710,f034f861fe3bb8397cb982f6c3ab1df9cd836f59a6bfe3820907926b201cd4ed,downloaded,not_content_reviewed,
L26,https://pure.iiasa.ac.at/id/eprint/20795/1/mapping-the-evolution-of-data-governance-scientific-research.pdf,papers,linked_pdf_candidate_not_yet_screened,https://pure.iiasa.ac.at/id/eprint/20795/,2026-09-08T18:24:29.985521+00:00,200,https://pure.iiasa.ac.at/id/eprint/20795/1/mapping-the-evolution-of-data-governance-scientific-research.pdf,application/pdf,research/corpus/papers/L26-1e4ac0ab5a.pdf,research/corpus/text/L26-1e4ac0ab5a.txt,4862401,9f99453cf14fc6eafc1c899f5be4f3ce023629087e596d85b2985b78d8675ff1,downloaded,not_content_reviewed,
L26,https://pure.iiasa.ac.at/20795/1.haslightboxThumbnailVersion/mapping-the-evolution-of-data-governance-scientific-research.pdf,papers,linked_pdf_candidate_not_yet_screened,https://pure.iiasa.ac.at/id/eprint/20795/,2026-09-08T18:24:30.136080+00:00,200,https://pure.iiasa.ac.at/id/eprint/20795/1.haslightboxThumbnailVersion/mapping-the-evolution-of-data-governance-scientific-research.pdf,image/png,research/corpus/access-responses/L26-95e4a29c5d.jpg,,48269,c2a0589d0b2a55fdeae2b0db3d5dc6ebfe2449a4e56e1015385096638ee4dc98,non_document_asset,not_content_reviewed,Linked thumbnail image; not a source document
M02,https://pmc.ncbi.nlm.nih.gov/articles/PMC8270366/pdf/jmla-109-2-174.pdf,methods,linked_pdf_candidate_not_yet_screened,https://pmc.ncbi.nlm.nih.gov/articles/PMC8270366/,2026-09-08T18:24:30.604021+00:00,200,https://pmc.ncbi.nlm.nih.gov/articles/PMC8270366/pdf/jmla-109-2-174.pdf,text/html; charset=utf-8,research/corpus/methods/M02-cd5c790244.html,research/corpus/text/M02-cd5c790244.txt,1816,451bff05b317e9fb9cae4525333b4e72bd90c34b068bbdba894f0c6d581932e2,downloaded,not_content_reviewed,
M02,https://www.york.ac.uk/media/crd/Systematic_Reviews.pdf,methods,linked_pdf_candidate_not_yet_screened,https://pmc.ncbi.nlm.nih.gov/articles/PMC8270366/,2026-09-08T18:24:30.752882+00:00,200,https://www.york.ac.uk/media/crd/newpagesspring2025/Systematic_Reviews_CRD_guidance.pdf,application/pdf,research/corpus/methods/M02-bf3b7b870d.pdf,research/corpus/text/M02-bf3b7b870d.txt,1625344,078770be2f4d3dadba9083e54d15d24256e0b65b3166233c6babd99e5860bdca,downloaded,not_content_reviewed,
S01,https://growthzonecmsprodeastus.azureedge.net/sites/2326/2025/10/Books-Referenced-in-DMBoK-v2.pdf,standards,linked_pdf_candidate_not_yet_screened,https://dama.org/learning-resources/dama-data-management-body-of-knowledge-dmbok/,2026-09-08T18:27:26.546532+00:00,200,https://growthzonecmsprodeastus.azureedge.net/sites/2326/2025/10/Books-Referenced-in-DMBoK-v2.pdf,application/pdf,research/corpus/standards/S01-441b472533.pdf,research/corpus/text/S01-441b472533.txt,249342,e804eb66e9058c2a31cdff2693e3be28c0170d3c8d959b25ea9152fac8b64d2e,downloaded,not_content_reviewed,
